label,node
1,2rwktobtv9s
2,h6Ghupxbj9g
3,mfeZibn3vmU
4,86Fe6LICKKk
5,XbRkmBcVWlc
6,_CQ5AKaEi3U
7,_-rke3JXqb4
8,jXl7T1sCrKk
9,AppqA7sfZ48
10,N3Cq70fDOmM
11,BYzWnmba9Cw
12,CgYudZIhsBI
13,aj6jAB1d_0I
14,vDtUZ0_MiWA
15,oYV6Fjk8xio
16,MDtwRGZaPGk
17,#NAME?
18,cQ25-glGRzI
19,pj40QXrJzCg
20,vLadzPVzd3M
21,kDES--yOdZ8
22,rBwhsQzmlLM
23,UZcvur6dBqM
24,9MyElQATk60
25,DVzeWf64Zok
26,A-o-GvDSTsw
27,ksoN9FAKWPI
28,W1Q_4iFq0ic
29,cSNdcG_ZMas
30,w3fLhbUOgjg
31,S8JVtNR7HCs
32,3SF0QJTlS3A
33,d95rHgHJ2Qo
34,BAhVfmm1--k
35,SPSHB1B65-4
36,_Kdti-80nIQ
37,RD5Je9F-SZ8
38,PIwCrW0K0SA
39,prQAhB-6NzU
40,doFA-O3ijhk
41,IIOA1PotIaA
42,nxQl8f0hxQc
43,7lC1PU497KE
44,T0RshhRW4fE
45,NYHaYngqQ6Y
46,2f2bjOzxb90
47,U10IWU_XDPk
48,kn2VvRVBjyM
49,UCJCSjSKGDQ
50,JLDogImysmk
51,#NAME?
52,4tRAjppqe9M
53,zAn-niNeufw
54,BtOJmCRiN9U
55,MEkx8cZFQ1M
56,2GezBBBXz0Y
57,LJcH9fd6LSs
58,EF4EUQwLpB0
59,b5tMp6xvAJI
60,lQvKSDtOILc
61,zBypoXWLCeI
62,MZ497uQ0gOY
63,wbwAF77QUnY
64,l_QHkxcHyOo
65,BnNf3NnbswY
66,rC6K-u0iLKU
67,JkvvOlyrD7M
68,HhZYLwMvKs8
69,uhGxUaxsNWY
70,ZyeQEcUadYQ
71,B7227axfuRI
72,kylvG5Bsv9Q
73,6WjJ5PoRtp4
74,z-Trmnt7G7o
75,QIGXzvvbDTk
76,2LxvBU27BUA
77,VjHioNTeIBE
78,zIF-NhEWvso
79,r1ffJDc-E_c
80,UanMNw-kDPU
81,gc7iiWoTWKg
82,drsbvnAPmII
83,lc53VkHGes0
84,UeaEugWydlY
85,EcBwp81mwMk
86,KOCP54A0BLg
87,rckAU2sPBBw
88,r3--GhKgE5M
89,V2_H9KZWZeA
90,CGT_9zn6i_A
91,lOLEvbJvCX0
92,197dhHY2MgU
93,FIboggOVEDg
94,HRuHEFp_0i8
95,Z9p8FOdBpoM
96,COsXNVHWJnk
97,U4kd-LtWH0o
98,dHRG9a1PKus
99,66JB5wc6_tA
100,k29dHw3c-gM
101,w2xUzv6iZWo
102,gzRyF3ER3lA
103,Flatf3ltims
104,yXu08xgINew
105,6h-I7ipKubg
106,Y-y7rSXJKNM
107,TERXgr5lZ00
108,1WZcv4DnyYA
109,LcIVYYHxoEA
110,VZ_YL-N7zpk
111,reepo6bnr6g
112,y0_XLRcKH_Y
113,703IZIUqZwA
114,49sqgSv5SE0
115,WnIN93In3Hs
116,MxC39ZZ0EGY
117,yFwEcmn26zI
118,QKoWKNuDGbg
119,VRYb8_wxXsQ
120,su0U37w2tws
121,UAQcNo9yWbM
122,ALQwmQrM-Z8
123,5QGjFEyRkqU
124,qlN2EoPBFE0
125,RDrA0bWPlhU
126,MODSECEe_IY
127,Z4vpT4UrY1M
128,6DypxfneAig
129,eUTbWi9Qn-A
130,FyXnI_3cUKo
131,ETUx4Mdzkr8
132,jERCByRtAUQ
133,wtB4XzeLDP0
134,#NAME?
135,sfpWyR6EXJE
136,wkT-9U4p0c0
137,3kt6kASppmk
138,zhEduQCdmoc
139,s25fjjbDef4
140,1ALjw5wrhzU
141,BGHHPINwVR8
142,C7SwOT29gbc
143,Ri6ySOHoDfk
144,uQYBw3RlAyQ
145,EAPhqXj_24I
146,yjhZc_DjcQA
147,h5XMAa7vOlk
148,B900jqqSdls
149,2n3JfrIdDJw
150,lTMQbhEZAOg
151,BuVyFZp-1p0
152,K6xIh_BX7EA
153,dnr67Giq-LE
154,xnh9_60OAOw
155,9O69DnntpS0
156,9zy_qj58B1E
157,KyBnAc-YxQ8
158,6VqfOFUKXz0
159,11WNalnstc8
160,3LWwgjYl5dE
161,Rrtn-W7BdJY
162,r11l782AOMA
163,ACEXjLkL-G0
164,vAgK3wUvxCE
165,3TbZAua6JJ4
166,tTuwFDTRHo0
167,iFxww-VeGC4
168,gQIDRUjrg1I
169,8o5_jGvyVvo
170,4Q8M8H6j39k
171,rZ9xb2a-df8
172,y0jhODawQyM
173,9_3hHp23geM
174,C0Nbi1qL3Ss
175,KXrDxtlzESQ
176,dhwgjY0mm1Y
177,31jXaF10Cu4
178,ymSMBVMGiUM
179,pqJRwtCeR2s
180,nTbL5elVXrU
181,iRJIrhOPLMk
182,1-wSiXPju_A
183,rfXzKDJIGTI
184,lzTJOKjRc9w
185,6ANcp7Y5WIU
186,#NAME?
187,Y8QUXoafyuE
188,ZfJuADjVJ0Y
189,TxRjwzVzZic
190,mUgyOOPiPO4
191,RWnKObQUHkY
192,caFyTSZzdHM
193,pr-9N9fEgNA
194,kuLnmtHNJg0
195,sYJlaQHniP0
196,J5QkOAcXUZk
197,_tLoG1yxEqc
198,sAH92p5k6xQ
199,3rec8lAC12A
200,EwDqOGTat84
201,ZIeF50ik7BA
202,ihQW-pWlkJw
203,elaAMRGMaV8
204,8s8YlsloKqQ
205,hbUFTy0aeUw
206,aJnbmqeOovE
207,TZW7tgf4lOk
208,TMnV8a21z88
209,kDrkR4kOl6Q
210,oIfdfStLnD4
211,7_ueKFtflgs
212,9Z0UWe-hqvI
213,sCVAhYDsaio
214,rK3h76FHeDk
215,ZG_TPTGeDxw
216,zGzUqnzy9pQ
217,sIaBmle_N30
218,qPldfbs12ww
219,K8fs1s8N3S0
220,BOQYMXP7aXE
221,uIvUBGuCLJU
222,BDwGL4XJCho
223,hVJa_SS0e00
224,qnTXpcP1784
225,5wsNYJSsqJc
226,JbzjEAx-jmY
227,G0SeR6B3V68
228,ibf2rRcqqLE
229,hXCZt94Yudw
230,xE705INrx8Y
231,1aNTnuNyUOs
232,1EVYfEnUyYg
233,WaEdt5EEakU
234,V2tw7TxrV1I
235,N6nDTMm6vKM
236,Gsv_lOq9CWM
237,jREzeJX5Vc4
238,B1tegDMMEDs
239,eCds4983XKY
240,dRr2VABSVMc
241,ca-b8UamBe8
242,VB5dZhkbl-s
243,zex20VdQfRU
244,oGwfFEbXXXE
245,#NAME?
246,SqaORCauAwc
247,XCDw2tz32o4
248,xhyWXIbenf4
249,16dXFr-nkz0
250,Kvr-Cn_PQnw
251,Vd5_2xXK_Zc
252,G3ThKjvdXQ0
253,8krxiP_dO6c
254,WWIMu8vaExs
255,YDvw5F5_LG4
256,x38TfCcDdeQ
257,JN6IwFsJk2U
258,oocLptqheA0
259,FqkGFJ1Lgi0
260,eoWnyLnPm7M
261,sjqqdY2izy0
262,WbXF5Kp6bG0
263,wCZ3NqJs6kg
264,R98qC0fd_1w
265,h120sU0zro0
266,RQIq4KobGXE
267,TUAqxRw7P1E
268,OozOELyx_yY
269,j7IwmAAtyj4
270,#NAME?
271,UJt1edKHoos
272,bYNVrfPrnnI
273,NZw5ZBK5Fkk
274,HPz_794o2O4
275,wy0HeY-j8KM
276,kMEHSCjR_os
277,YAXy9o2GuO8
278,LCaqwK2pH8Q
279,aVEoiFRYJ10
280,I0fWlaC_YUA
281,mopdW22pFRw
282,6kvTKm2rZEI
283,F02gnhTH-hI
284,JUCDY0KnXNQ
285,S98nE3VXWjQ
286,m6Wt3JIzKtU
287,IBJ8ajIZ1Cc
288,gV1WC8PXys8
289,7NfHwgPNEBU
290,w1173v3rlcM
291,B5ecfuj2LFw
292,KVdHFdra-BY
293,znZrgAeNjAU
294,YMaDNVCII0M
295,bbXhZXgAnA8
296,Pj8CbiiGOCo
297,yCd_zexYbs4
298,MOBEzOzKRQI
299,AtY99OuwIMc
300,Ooq6JmzkfBI
301,P_u8UfqmRtU
302,8iGmcN5Il_I
303,1V2XKIzoOVU
304,4S_DdHT5aiU
305,m_59PKqcwuE
306,8yViPltVx8A
307,d5_j7PzzqHA
308,Gdi2_gfHvno
309,O-UqAfUapHU
310,YAhf5JeYWYM
311,8NM2N1T8fIg
312,zC-SNqSrxpc
313,1nz6sGikPF0
314,Wq-eHv7OiBo
315,HF_kFUzH7io
316,T3PbfZJBJDU
317,at8lTJId_pk
318,PVB-dz9Vb6s
319,q00QDoIka-U
320,7ZMXTI-UspQ
321,jkl8GEIVszs
322,4kw3iBxY0ds
323,XF6EAjXqyaI
324,prqj14CKD18
325,uqldk1AjgBI
326,aNMWEOIbang
327,i8DHl3OUmdY
328,p95_eF3bD1w
329,iTTH20n6kSk
330,iFrgaQTkG8M
331,zKtrC50tSpo
332,OwSt4IO4rY0
333,Dzcv2B9HPLU
334,EkMqjcItpc8
335,lIWfmZCDJA8
336,vI7Os1xMrBU
337,a0HXmCNKKck
338,2xWbBTagW-0
339,5vTgwvs9D1k
340,JyTVJkJf1vo
341,VChAc2OMryo
342,8FF8eRvkFt8
343,eTGm5JQjNpk
344,Jpk7SNVlagQ
345,7lr2Lj-7bqE
346,EWN1G8kmgec
347,fe96EdPs_84
348,JFkce77VIBY
349,gorW2Fkthjc
350,yWCD65f_6RE
351,KNghyxvS8p4
352,H5CESghSU64
353,ZWkZeJbAaiQ
354,jangcPHULFc
355,ABEWa6igzv8
356,l1A2d_7EAaw
357,d9Dyr-eYwNc
358,ywUHnI5pKT8
359,J476Kz4b2yc
360,SQI9xPF9rdk
361,U0raaoN6I6M
362,4q5jSGOcZb8
363,vURuMxGC53A
364,1umiJrKfpdk
365,AYNFCy6hvFQ
366,OW_Azt-ZFvI
367,VnLVtz4Vq18
368,1gxK1e5MSYg
369,2aDGS2ObyS8
370,PmRHEQaCFsw
371,FyuYJsBavBs
372,VdHsMJRszck
373,uG1Q5LhqpsM
374,krT9Pjy9d8s
375,N4DdAIc_0tY
376,FkKWCBWVwQg
377,xXfmxQO2xz0
378,IqlxYO7YCI8
379,O1dXfikoYoQ
380,Ho-DLeAdZj4
381,hP4mS2nnfus
382,qbR7WRXIO-E
383,F8NQ7NELo40
384,D3PZXxx57-4
385,_-lcaXabZ8I
386,15VIqMXdKHU
387,8nTFFRtGb4M
388,1lYXY_eTNY8
389,bFhohWt2rAA
390,Hcb9w4KmQU4
391,KZ1dgZhOObc
392,rt-ytACeVM0
393,FJwVwvULlSg
394,Q7H7so-UXqw
395,XVRuFjZ8sTo
396,86F8p2xmy7E
397,mM8m8FAu5ps
398,WgAh8EcHmcY
399,MydHXSjZgp4
400,yOiKYe1mCRo
401,MwyI6Fm6Odo
402,q7h8VZXaYew
403,SjXhtLnG_Ns
404,WaijogJsTh8
405,cCqjkco999U
406,8tbsRsdzFXQ
407,QQvBfH3ZcKQ
408,uoFvDbpIwNQ
409,cCbOcF3YDqI
410,vaIgFwFrot8
411,zTNcikpHf5Y
412,fQShwYqGqsw
413,LfAaY1p_2Is
414,5LELNIVyMqo
415,vW6ZpqXjCE4
416,vPUAf43vc-Q
417,ZllfQZCc2_M
418,it2d7LaU_TA
419,KGRx8TgZEeU
420,aQWdqI1vd6o
421,kzwa8NBlUeo
422,X3ctuFCCF5k
423,Ble9N2kDiGc
424,R24FONE2CDs
425,IAY5q60CmYY
426,mUd0hcEnHiU
427,6OUcp6UJ2bA
428,dv0Y_uoHrLc
429,8YoxhsUMlgA
430,zE7tlgbo7sM
431,fNF-zptNEF4
432,ihNSFtxA1qc
433,XFzFri8hntI
434,kKxiNY5lTXE
435,XYRUBTrUTpM
436,CYifJhu1itg
437,MOZKc-Z2sW0
438,xhfCeQCw7eM
439,PM5k6R_1zao
440,cB2V885SbrA
441,7omrglZsazc
442,h3aXa2VpHVU
443,BcF3jABDluE
444,R4B9aX7jtlw
445,4x0f1rRp6M4
446,DgYg_sWh4cc
447,xewOLBon0i0
448,kOwTGlhU8E8
449,oEugJDJv7mg
450,VtP2gX1nOSk
451,g4NesDsSUsI
452,A90SwamcbXk
453,pgTkdvtaTHs
454,99RyZU2TxE4
455,84VHkYASx_c
456,3tAmREVMRzE
457,m8Gp2-Vu0CY
458,qupAVhUHjuM
459,J96nY3wDKaQ
460,DVBjLQMddxM
461,TeE9BVZ1wAc
462,MiusPzMw-Bg
463,ov82huSG-5o
464,uZILUga8WWo
465,20Er3QOq8ks
466,ttwPVd27_-I
467,ELR2ULt2yCg
468,q9xpzKQgnd4
469,239odhOmahs
470,9si6Cx0_eYI
471,OSdh7coE9GM
472,NouRNSFUzdQ
473,Itnf8i51tlA
474,3yoyf3HcUdA
475,yLsmReYJcos
476,TSK4XzKJzTg
477,noDR6KH8M2c
478,VxF1MzRKL4c
479,e3kIT4gUxqQ
480,IxOZ9qM43Sw
481,qOeRhD6IBxg
482,S5N47MHKvrE
483,wK_Y54SczV4
484,ATQSN6o9YbU
485,9-2rRgczpSE
486,SmyJ9L4v0wI
487,oJQmGTWBToU
488,m6q9mhGtjOM
489,Q-SLhkRwXdA
490,tADELKMl56E
491,4fXoPOMlcgA
492,MCrFvrpy6Zc
493,qGXvmRh38cc
494,X5peUcVrxBs
495,jNy6zzQ4ark
496,LNA6G0yxU2Y
497,FWzgktQqMkA
498,xlo9bRTmHuE
499,xLj8bCWwm3w
500,5Gmhk1lQilk
501,8t01ewrYiKs
502,mJoQe9Iee6A
503,ZwYOa2pC3gg
504,lw1jr-OKtj0
505,77gbFJ0eh2E
506,s2dmiWo6pZE
507,TgsBQDBaDAM
508,tCit8Tpy8D4
509,Qzz_Wu24_9A
510,MGDXhrwmJno
511,JlZd1MH1tXg
512,8KQjWUYxVJ4
513,iNULmm0iw28
514,V4yzkASXhhg
515,SL88MSQ-geg
516,lM5u7ndw9Ao
517,ROHx0CRBWbM
518,048Y216L6YM
519,X6xj7dRhKCQ
520,CICBxcTJBE4
521,6A2s_TZBGk8
522,ycUhL1UyKUQ
523,e2XLsLp_NXc
524,85ssc6h3vys
525,R4CGlrgTUPQ
526,lJ_WcC7_xYQ
527,0r98sn0y2HE
528,f1QN5tQSSrA
529,qfriUtUfcfU
530,eDDt4BF8pCE
531,PgoJwzC-0yc
532,8Z2dt6rss0Y
533,VqekYaxkSOA
534,ftch2Twh9Q0
535,dPP3NojhjIo
536,6hq6l_psjfI
537,qVFWw3-1bHY
538,tZCN1DIRXh0
539,rzap5OaRK9o
540,26ZRpwosc2s
541,-6qIAMcOeSk
542,0xSnVT-gmwg
543,dlIOfuTRG7M
544,WcA1Fxv7OQ0
545,KMzol2-vx5U
546,laFOkX91rFA
547,66WQWw0fjG4
548,fJyp6u4oyDE
549,VotFIBIfFPI
550,Hyry5965ac4
551,6803SodKoJU
552,N8JJsurQMuM
553,GMFwyLJWdps
554,5VdggiztyF8
555,ydtl8RY5ID0
556,vUIwmA-IOn0
557,ld79BPQxIWg
558,hXyAZaHj9k8
559,01xAOGHxY5E
560,F1gww8kv81g
561,8iSR8exRH30
562,OJg1U54CdwE
563,J2GGGyvpMm0
564,LUH6kaBZt94
565,vWa9LuWZQ-c
566,CWNSNoHzdjk
567,lOzHotPApGQ
568,NmU_LPyiyL0
569,It3r1j0VPeU
570,vLkXzJut2cY
571,nCwnKw4Cy-Q
572,GdI8dCfbxuQ
573,EFG5WWRloK4
574,C9g3xGM-RQQ
575,OPfF6d5WXTk
576,yDAwa9KPVSg
577,FEdJitzefPw
578,4chCBdqQGmQ
579,63IUqHiMwKA
580,8ASlCLKociE
581,06Ap-T3kC7o
582,Osa5ARoliL0
583,6XOl2Wldmm4
584,tU35ox9gpto
585,Ixgqi1r07UE
586,ka-yHRILuGw
587,y2jUOABWK1A
588,NSERJI401Yw
589,UadBpMSgJW0
590,KFc1ioeJa3s
591,aIaq9OuBdsU
592,hRg4Xf-DHX8
593,KuIR5HP6yAI
594,isYYMVv47sA
595,XQL57Y9t0kI
596,POyA1in0LE0
597,S4C-EfY5Hog
598,7DINFLoUfhc
599,7n3601okBRo
600,9c1VdVTuwyc
601,ahuDweoNrAA
602,cKM-3bLwq-w
603,4-S5Ma8IVSY
604,30c1XPGuBxU
605,70_vTUs1WnE
606,gakSRnaHw-c
607,5eliOdP3nzY
608,bFuSehFtA20
609,sWrxU_87N20
610,WMuLg9-9jZw
611,UqfLyGb7_Uw
612,C-QYDj57N80
613,Cv3s8G26kOI
614,49toAr4LBPA
615,KQy-dK-KURA
616,2WF3BtkH_r4
617,twDKmfGU16Q
618,gO9p7FoogQs
619,gqUUd5Cu088
620,RgpCyypg8jQ
621,G6kD0eKGHT8
622,wXMfAsvnj2o
623,ByDlSs7OEi8
624,zgm26ZV4bck
625,RZfY7V44eUc
626,adADXlllUtk
627,Jh4q7qcxsBg
628,r76T2EG90MA
629,O0Ar13t94hk
630,pV-s0UKF8eM
631,z-AdCnEc5ww
632,t19p5Fgte7Q
633,q8u2TSrw_Pc
634,Z6lLMpDJGvY
635,8j8-Uxhq1NQ
636,tSDMj_74OyU
637,UePfMX-3PMU
638,ErNTtlFlRaQ
639,_yUo9crgm3U
640,VkFz3CAx6YQ
641,fym3LH8A3JY
642,kjHapdi-NPI
643,TpjUYjKCB7Y
644,98HVSGjsDYg
645,Y_H6LouXsoc
646,wMMMB93dH14
647,xYWLI3T7IQk
648,v1xeJcukRmQ
649,GD0odcr5hLE
650,zAZ2QMiE7jQ
651,z_SfGou9fRk
652,FwdVFYIXA3A
653,ezhRiVbDGAo
654,1HxER8CPamY
655,kRZ4kOplACg
656,b09IN6vpAPc
657,Rrr_X_m8pnI
658,xVNuGGqEgmg
659,6WSL0Y7tep0
660,rmnL3jyYChg
661,S2_98gLyb8M
662,gKPhgZ3DbH4
663,5Wcqehzwd-M
664,lcBtpTqU3xc
665,V2P_dJtiBuQ
666,x7_AlUm67VQ
667,bLCCp_JOMf8
668,a2XFbEer6Gs
669,rT6MJve9CsQ
670,SE7SKFSVoyM
671,XoI-QAiwsfY
672,nxULVOrQ0uM
673,m2CjWfQvcuI
674,74duFzuMo_k
675,2B9TW4NG1vw
676,JFjJNLcL8_4
677,1AT1eEAHRwU
678,dkq3IUqDaCg
679,vt8RBoO85RQ
680,gmOcjZXygNM
681,cJq8MZ1xkVk
682,XCoxcgJ7j6c
683,iMc8Mj8fA24
684,K5s6ViLwV0M
685,w-R-mMBmWQA
686,Sv-Z-tCoORk
687,FfYu1GAPp3s
688,h8D_ng93eiE
689,6mYmsdZRIR0
690,UjYvKPh8geM
691,wsACZTXQ1Kk
692,bCYn6Xb4Ex8
693,c5bPvdBRkWY
694,NRHsOdxOrAk
695,SEIX5MUR4xc
696,DEvbBIAmW4A
697,vfT83RGvvvc
698,JwqopBviXG8
699,9WrIR8eEBWk
700,b36Zg7yXfEg
701,3cYYJkYvoxQ
702,d9fGxQmN6FU
703,DI2TwwxMbtU
704,DFrnKyShFBc
705,qGvda3o6jYc
706,X3Wr9vhINV8
707,kXBEoXVGByY
708,i2c7iXDsIqg
709,jrciV9tscso
710,gF3Z95LdCFk
711,26h06irOVIE
712,fd9SvgQCtso
713,3SPkP3Dz7QE
714,RtXHamzgYNo
715,pbCFVlun1Hw
716,nFMpcdrs6eQ
717,EGi5kVUtFxI
718,812A7pw52Wk
719,kcp6DAVkyt0
720,UrrcrmX8aTI
721,Oa-L_LSFQU0
722,9Po3UQmCJ9M
723,T_QQXQh_6nI
724,Cn2_XPls68E
725,2cidEv9vchE
726,PnU4Tl7orEY
727,xDqCvwb6e2k
728,laxpwxGfS9E
729,NKUHyQiZ7TI
730,9AZOtGIiIo4
731,6Oyn0PGcd3Y
732,QJwWdqgpY3A
733,uxfsfGMFvUA
734,4JPkCMyKsZ0
735,ibLUeFgMTfM
736,gEOeyy0TZ1M
737,b2fwK2REexI
738,Vh_8UMK2tCs
739,qIQLKtOsduE
740,LT4nvwjY-S8
741,3oVVbdC328A
742,JWeyA1PgEqE
743,jwFN98v7tig
744,uU1s3IjhM3w
745,apVIaxVBB8Y
746,kNny-xTFgTc
747,A3_v7SnHSEM
748,Hj2ERWX9o2M
749,5VekPzTRpNM
750,Ockp2HqgmHg
751,tfK51-eguUQ
752,dATGTZm3Ypc
753,Ijatgdmln0k
754,DLbuRdEUneo
755,Hd2vZ6dDN0g
756,Cg76HI8LixY
757,z6r8AyWmPuw
758,eyT5Vb5Id5Q
759,G_MsWsVZChs
760,0KIzydAQ9xo
761,clQegdDEWJ4
762,HGJ1khOwDCg
763,3EoXyLcmRBQ
764,JeKy1dEN258
765,92uukBQqt9M
766,zhdUqcvcdDY
767,TE6hGFA4t0w
768,BdQ-7JJ-iHs
769,vvCQMSJqik4
770,VPAxzeZ319Y
771,EJySKe2pxKg
772,kESNO9o2MdQ
773,y6qfnDQG5u4
774,WzfwgsBz_Ss
775,ERaAwQVEAJg
776,M8870cloS3s
777,7xpeJE_cwmE
778,HOqMWxRAE9s
779,WEK9Y7NIyfc
780,IJWseO4m0eg
781,a2yX9qnv95A
782,NZi8oUhrYkY
783,dxFunCK-mog
784,nLlLBkOeLQg
785,x2ZgbVh128o
786,WUQaDExBoFc
787,OU0FGqj01FM
788,ctMTPCaHzeM
789,i17GJnrXn3o
790,ZVvhoFwIp4A
791,o1j0ZK-QpBc
792,13SX6T57pn8
793,gYzuZ1g10J4
794,WLalvWqHTlU
795,0qkPg2Qqmks
796,2LKS3Jk757Y
797,2EfuhjnvIsA
798,2AYRl_uRW5U
799,KtXfFn5u_Vc
800,y1ba49zAcRQ
801,3OTsqnWNfVQ
802,KGFrSMBMXzM
803,k7hsA3Brxio
804,iiDpg2AP-sY
805,gmp5r8w7Fq0
806,v1BKZdAWhkM
807,hUIg9Z6a7vY
808,AODNUojQdak
809,BJ9wiRW2MRA
810,REuf7u4IEWk
811,z93qg6p_idQ
812,zpIenSLEyeI
813,JzSXnSrKp1w
814,IiulwKIgMWs
815,_Zksb5iiM7Q
816,hLKWI5o4dl0
817,Wn8xlIxK79Y
818,v7YYlfS6uIk
819,ZuB2W5XIpQ8
820,yvFtbIVd5m4
821,nupdcGwIG-g
822,5jxLB6sntSw
823,UtEH6wZXPA4
824,tTzs9G-VOZ4
825,7wQN4SpX_Gw
826,NPcAMlurOU0
827,HqdPkiua3yM
828,3-GNHVPGMLA
829,7Qg9HvHZ9K8
830,nc55seAmmb8
831,ltqJQ3yj2S0
832,l_A7r-0CFJA
833,Yzij4_3aY9w
834,uuen3fOV_pA
835,tAxPsn_ChzI
836,Orp9qCaj8Bw
837,xofeZNguBnU
838,i1PxHNUnPBw
839,YW-_jEQa5Yo
840,ylDy-1MRUPE
841,LZErbUuw87Q
842,wAaQxuDeEQ4
843,E87NjU8OvEQ
844,v3jymQhUSS4
845,dn44KTqeyF0
846,Sj_8DYdKQAI
847,rLVHOUA6DDo
848,2T9x-CyRtRc
849,PlC4HX3n3m4
850,3vGlshcQehs
851,adxGa3IFOnw
852,mjxpEXSXspk
853,WkY4gKaPNBw
854,itW9Hblxld0
855,BH93Ly68YIM
856,V6Vq0LB02zQ
857,20FaIZffeQc
858,gbk2gs8JngU
859,R-2mFP5KRnc
860,4eUu_dt-o8Q
861,PE4gpNMkleE
862,1BbZf3MDhK8
863,oIUPW4nMCHQ
864,IhG3hEqMIIU
865,gd2qoz5eL8k
866,v4kYVsUqjDc
867,ToXNgvs3Esc
868,AHCuKMqdGow
869,PQSQqdgg0SY
870,l0u9YTfONBU
871,hoFPj_Rq8BE
872,2qCNK9smVYM
873,RwYFaI-g0BI
874,lYoem3tH5rM
875,nA-4Yg3Lrzw
876,jmuZe4NsN7g
877,94X7zqm0gNk
878,VNrcfcFWuNM
879,gfluW2ooF6A
880,BNgbwKIDqoY
881,szn22D2oLwA
882,o2OIP909leY
883,ZMCDofUi36Y
884,CLAiThhxNaQ
885,LCMYFW9ShmU
886,g3JrZut8GjY
887,o0yYrx49Ae8
888,IA-e1hl-tcg
889,uynecU2zlX4
890,tZ8Ce-KbCJU
891,Vs7ncuwy57A
892,pKtWEjiejdM
893,7Te8LnoiIko
894,B6NIQaXxVj0
895,hX-2sMD8hDM
896,iXfQicNEx4A
897,4Y65KyO_O-Q
898,p2RRUVAD9Mc
899,4syVMk0h2iY
900,cqeDFxS78dM
901,j9J9rTZJBmw
902,EQFsGFls3eM
903,re_xVzTybU8
904,kwEd_tcKBfU
905,2Qdri97jaC4
906,blnduEgwBH0
907,ZN6Zqr_smiI
908,o1uDk9NGaqI
909,gI2PV0IC0PA
910,2lvAi8Kafxk
911,wy0iCukHPOQ
912,9_nYceUVeKU
913,rg2ynaEkI4c
914,5MAIeftWIO0
915,1Asv2kbDTa0
916,-jzNwO-0wbQ
917,G-egN0V9i3M
918,WXAhpdTmxOM
919,RtIHBRsy1lI
920,rjKN066GEGo
921,Ld54_m8LTU4
922,7VPlaowK3JY
923,cEe5ALVWMBY
924,8afYFMPliJY
925,iPn7dBLWQPk
926,m0Gw3sFtz90
927,Mg7rmayhbQw
928,mtMx6Kw0YnE
929,AZ4Sl51BOZA
930,FgbkolJ_Mfk
931,JOLGQ_T93Vo
932,js9CHIoKSeU
933,xwR4QknDr54
934,hSluwlxYhEo
935,Z9BmHAv_Q2E
936,F_5Atdx6zNk
937,u8bmoOfJB6c
938,O1_9GX1zS0c
939,kJRj3AU5K4g
940,KggGEooBlao
941,98bDDmc_OmU
942,yoqGQ5AvYCs
943,N1PYWG4A3lg
944,HOe62LwiVYg
945,F_RXbH5GzXU
946,5F4mfHYEGTw
947,mEAbL9Z8nYs
948,6JwrqpsgHlk
949,uWCDpPt8U7E
950,7agsRnMgoPw
951,iKmXakoNJf8
952,GHOJh2yhpkE
953,Msgv5D-YYcc
954,wKHfm55flaM
955,AHuYBdMEzuo
956,1ScSTns1glo
957,FkwDORK6o6A
958,Bw33jaKSYdc
959,q4_O-9W6how
960,4bml05UJrZg
961,DvHBe_bewjk
962,qTQ_5RaI1e8
963,70FFXq79yTw
964,h0G78mvUeEY
965,oVoIO4U2HoI
966,n742VaBBMyg
967,OnGqulOmyIo
968,j0CpnnV-P-M
969,T-2f94UwXwk
970,YQbxHt79Nr0
971,pykE8LkCbNU
972,LU_pTRNDXc4
973,olkwkzyz4sQ
974,7pE-T_97Iqs
975,vkKQxIIK5Q8
976,u8NlpGvVE0U
977,c2FXt9HnkiM
978,cmRVPMl-7tA
979,afrBMsx6oKA
980,4OzeYgnDBY8
981,kDTy2dOYRbI
982,ojzKTeI0T5Q
983,UefJSURZ_Xg
984,eW0NP-tNPPE
985,SgcicRqeUS8
986,WaYXXGNN4vo
987,FAnkp-aBXZM
988,A-TyTbp24ms
989,ET3DPLv_yNc
990,r3wGRsPPcf8
991,Zftd_tb4pzo
992,bwh4IFR7ymE
993,8KbALnAjkdA
994,fvPC1ABp4VE
995,QMwmr8Hdppk
996,XOtHwhlK2qo
997,xY2M8Dw54-Q
998,Swa4FRX6rHE
999,DzYaIq9FDRc
1000,F7p0YLQLMN8
1001,5nXa4KrqVwI
1002,2BB71tCExm0
1003,O87HUILabgY
1004,ttH2tcJfWco
1005,SCQiOwq0h-A
1006,cu5ahLlPDjs
1007,ZEvSVV94g9E
1008,TLxxKnjFjxw
1009,PO9pS5mGvXo
1010,Pfy_azuXZXU
1011,XofSBejhYZE
1012,OZ8ziyS5ycE
1013,IZW0-A8f1RI
1014,RGDXoQP_JkY
1015,T_Cd9ZFyE9c
1016,eaA7wlzPSAQ
1017,jIEY6mgADD0
1018,KLrs8nWwYTo
1019,xw9ZPkPpaGg
1020,I_rP0XuusyQ
1021,50r8k8_5ESg
1022,37C7kc90-zk
1023,01dVA28RRNs
1024,qxezlOp9PiI
1025,jm3uYvjhu2Y
1026,8lK07MXguv4
1027,2d1gAR8eY_4
1028,bfnftPKi3us
1029,PrfAQhSCHeE
1030,XDocI1-GM-M
1031,7v9wj5kqFR0
1032,DWq1dO5RnDA
1033,78x_JbIT16c
1034,Zpe22ZBudD8
1035,nWh_-SWqybE
1036,_yEZIIqE_38
1037,GqkX6zvJjQ0
1038,4uDfO9KUjMI
1039,20a_5PMVEgY
1040,AC6bjHNzzn8
1041,AScyPWdBXcQ
1042,l6kUYkmUl1E
1043,hcJ0uearZYw
1044,pqWpD6kBao8
1045,F_BI5lcj4Kk
1046,x1-kP_2Dt3s
1047,HlOQz2A8NxQ
1048,YaKtNnZkKPk
1049,QOyRnX5ecrg
1050,ApiuYq8EjIY
1051,fe5JZQCBWzs
1052,mp2s_NJs8y8
1053,QdTMfbzE7oQ
1054,5aJiMEtJuvo
1055,m2YltEtezY4
1056,RKQ5btPeNBk
1057,v2YKCSMEOWs
1058,6GGJNjamlOY
1059,UlyTaBxoaVo
1060,I_YF2aJdR-0
1061,xmW1XG5yRiw
1062,GbXhydpnqBQ
1063,_9fZtJsq1gI
1064,ZVr9MAyR1OY
1065,PGXiXiPVpaI
1066,Mnswd1aUQZM
1067,ICoDFooBXpU
1068,R0fCnf8uWxw
1069,crfrKqFp0Zg
1070,MmlS9zBzbvk
1071,aZpD0btOZx8
1072,neAiLZcy8Qk
1073,U-Qw1ClCVN8
1074,sGQ20yDDVzQ
1075,ELRNZCZtLvs
1076,5wT-dJ8Yrko
1077,8OIvyixfYf4
1078,vUgG7Gocb9Y
1079,H4wnkLKgfgQ
1080,hoR-r7Gtg5M
1081,LGbmUl9YceQ
1082,UzMRmmXxnJI
1083,g8TwAyIdKI0
1084,j9C_4O2cjIA
1085,EH1hVTnjKWw
1086,BNPjhejW0Ko
1087,j4uElXkqJjE
1088,r2kaWiep3Go
1089,OA8x7m7UjPk
1090,qZGfWGOrgNw
1091,ONPkkL9rGXU
1092,GHr4PonTucg
1093,9fe6go_KdYI
1094,a3gd4AHiP_U
1095,6BqiNMkyasQ
1096,AsQMaDVooGQ
1097,cecO0V0doDE
1098,lLwbxoBXHmQ
1099,Nw8r4Dv07Tg
1100,AI1jtD0mYks
1101,_H4NbvV3Vho
1102,g_LJ7EIjbME
1103,9CdsANAXwBM
1104,OYQA7jdZ3J4
1105,SObnPnLiNn4
1106,ORucNWlzTQ8
1107,JHst-V3b6Lo
1108,eVHQDGRKqyc
1109,RLYvmcfnmEo
1110,RJbufdAX4hw
1111,KwQUy6AHGYU
1112,rxzcpcitrUY
1113,E35AitP69B4
1114,4cwAtkSLGy4
1115,LUir84zMpo8
1116,Izc--CopIJA
1117,wzJvjfJAphs
1118,UDarw9ngDDY
1119,t6D3laDberY
1120,BUajSUcWcl8
1121,lv1mItTaF18
1122,LzGlTo7pVjA
1123,d2w4CZahdqM
1124,dBLHc1x-A-c
1125,gG087RCXiEA
1126,IKYkfL6w_fY
1127,IzmwA1QI1cA
1128,tJJ6P_81nno
1129,S-783rzHIS4
1130,ykk7MD_Jqbc
1131,OK2OmSAA7ME
1132,ldoKQWzoqMc
1133,8p4KJ6W3ReY
1134,fXU0CmOCQZw
1135,Yei5jFdyCFo
1136,s0UByejJUik
1137,wBvKaFvHz6U
1138,ob-TmQaHWGw
1139,2__Qdd11rfA
1140,XIxlDk-qMqk
1141,sRoPJrfejYQ
1142,oFj-AymycfI
1143,El-hYFrbgGE
1144,vwD6Eay9yjo
1145,VXWHhTOObe0
1146,5IUPdUcrhO8
1147,foo1i3afm_4
1148,1NtiFu9PAzk
1149,6nkf0WRKZQs
1150,ZJjEeQMxWVo
1151,7ZCjnSkpyZc
1152,3HgALs3AzNc
1153,nYP8m2yLdoQ
1154,RrRCLtOuo90
1155,vmBYI8A_O1o
1156,6DFGk-f17t8
1157,V_LchwwCZoQ
1158,PaMZEO6ACYo
1159,SNcPyRD3YwY
1160,3qNVLn0rNYk
1161,8w81k_6ueus
1162,ow37hAgTrPw
1163,nPYJodKri9c
1164,vSL0-SQrzPo
1165,QoOyUyQYQMU
1166,uBrEsNS9zKg
1167,a77Bh0vUPeY
1168,qL18N8lAhVY
1169,Czt8HxpMw3Q
1170,S1imSSkqOB8
1171,tzkCEZ7FqPM
1172,gn0Kd3GJO-w
1173,vyiVL0zPpaE
1174,Wt6mRmcRKqk
1175,gGm6hm22f0k
1176,DfI_jRrpH_I
1177,_iFa1Zkyklo
1178,ix-k0VXyxig
1179,28gYtVPOm5U
1180,8CCSF0G84HQ
1181,NyQOdPFbUTA
1182,7fvGFvkCoHs
1183,7wnogX19-PM
1184,1pU0atNiGs8
1185,3SJ-yZmx3IQ
1186,o0fJRRxUdWk
1187,ZREuBKPevQA
1188,fxvQ4UgjoQo
1189,Lw4LgwnEULc
1190,WnNTogWxotE
1191,aOTo7RRogDU
1192,zYbrA6S8Wt4
1193,J767zUljfJE
1194,pFdxGJCABp0
1195,Q9T-ZxIQvuY
1196,l_zpRwyKqNg
1197,qC6keYGOg1I
1198,jnnByd4D9cQ
1199,jKxg40VySI4
1200,ZyWgo4QMrfQ
1201,ckEE0pEV3Vk
1202,q7T4mqyzX2w
1203,H1BYrSk46vg
1204,Kgabyi0P5UI
1205,meavIRutNXw
1206,4Ecz0OjCYYU
1207,g7Em8hgvoUk
1208,N408gIAWiAQ
1209,qEIeC5vkgIA
1210,6OPXqSOB8QA
1211,EFurjla7vc0
1212,xx3JmdpTOO0
1213,4RaDlgzfE_Q
1214,DmLIzx826vQ
1215,xnepEdeBq3s
1216,SDNmH41Ttjc
1217,__Nsl43vIpo
1218,XCfrxzBqfqI
1219,wAT6UsD-YUk
1220,rcZilFPrnaY
1221,XyQexnKBShw
1222,k-SNLTxEwg0
1223,QPNVxegllR4
1224,kK6meDBhySA
1225,s8lu956MM2k
1226,gFxgYUOflCI
1227,c3oETRxJlrw
1228,SIixfC3WYWE
1229,4H6--LAZhV4
1230,GLj3hY_M380
1231,ZZvG0njyP_8
1232,unlpHgLukis
1233,FOXvgoQISXQ
1234,kSaauRzbmTc
1235,4kKN92DASn0
1236,_QvNuJYniFU
1237,whhbPVrb5KM
1238,gfGc4wcil2g
1239,X-oMlBSiX3g
1240,pw4Bhmm22xo
1241,YYeJEFa-xCA
1242,_BZsXVf6INc
1243,d_vv12NSSZ4
1244,5vtfmQ5Audg
1245,DkQcnDCjyuQ
1246,irOFAjsnSg0
1247,i7Iyu-iAqek
1248,yyAaAI1qG-A
1249,pdD6op0l2jk
1250,EkqrI3IibYI
1251,owIkvWXIbJg
1252,iDAZZVqxXTQ
1253,74vKPxBo0oA
1254,m-abw5A-HFg
1255,7RuX3rYKYCM
1256,eXSb6zKP54I
1257,3vzupM-J4u4
1258,KuP4Yhbf6t8
1259,VxlFn1CU0dY
1260,i2X8Ke1Sd-A
1261,06cNfPThI6A
1262,wau3S8WtXUc
1263,GywrlEvLnDI
1264,3w0mXJZdlX4
1265,NDb6DOYx9W8
1266,h9uj_BwVd_8
1267,LjwyHLP7e5Y
1268,Ij1FpbvHq84
1269,hansl4x5Cxg
1270,4c-nYRpCXec
1271,f_JI8K8E6_I
1272,drAWk9WGRwA
1273,li7zZqF-pnA
1274,KxxYddDOhjY
1275,LQqADBJDn4E
1276,6BS6OH7_bPc
1277,dWznGD8o9jE
1278,eHP4cgU7z9A
1279,ykTdc33QtgA
1280,daXo57ir7_Y
1281,T5tK_9DFzdk
1282,3Z8rJRiSjM8
1283,T1F1BoFzJIU
1284,S8NlilUT7Lw
1285,gj3WHcj6Rd4
1286,rI7Ik1S76JA
1287,JM--Jn4dwjA
1288,B7ig2UdtBp0
1289,wXS225xlY1o
1290,qqFwxvVC68o
1291,u1JbIkx3DyQ
1292,sER1arOGdX8
1293,nG-YfY7gXq8
1294,gaOGHP8p7s8
1295,Shh2uczMMZY
1296,rSmFnJpT7sc
1297,4EYnDIeAR4U
1298,gGL0g1_H3mY
1299,JxHGzc2wKtQ
1300,YWe1uucL7Mo
1301,hIRNLaYUIyM
1302,AdjpykeA4tU
1303,iRWaDq-2x-4
1304,F84jNU0N4vY
1305,VMRjrMziInk
1306,p6PuKmkSjsg
1307,SKnHxUMt3pc
1308,4lT4L5h2SIM
1309,Rx-HEqgbv5Q
1310,FSE_nvaQ-zk
1311,DV6rvYa8GkQ
1312,htp-nOBYwdA
1313,9AHJFc77Ynw
1314,6EjyqutXb9I
1315,DIHRLPH-FaI
1316,YxLH6oAcBMw
1317,sUgwZAghkZ4
1318,lhhEk_7bL2k
1319,cIfdu8n-VD0
1320,Cfr5iD1Nmyo
1321,JhugO__UfxM
1322,ntuFXBvwIl8
1323,ytV-r4XJQH0
1324,2G6TGIEqETE
1325,gFFZ4_IJvSs
1326,R30m7B3m0lI
1327,dMVb_B5a_IQ
1328,pa40SQEg3LM
1329,bkFcKUJLSQ4
1330,xnMrPBRHNtI
1331,F1V-BqX6FFM
1332,uASa5c0_-TU
1333,pCK5aMcOxds
1334,8R1ANXKMWwU
1335,W3n_eD3x-_Y
1336,bkuoxIgmZCQ
1337,NNyJTcOrlMs
1338,_1edqTENzO8
1339,zMSpTvv9tg8
1340,hmsTN6uDyXs
1341,1cGL9MQVqTA
1342,T6Tt-emaIRk
1343,ZPBLRuup_HQ
1344,mD5vnF25mR8
1345,pOHXvIkHLUQ
1346,YXNLjFb1l8E
1347,J6PEwXDFwpg
1348,IdYNT4C5gAk
1349,D809BB1D6p4
1350,Wzh-1IfsIx4
1351,6LCSGFj6t7U
1352,trDQgbCt_U4
1353,8uHcAFu9eEg
1354,7ZR4S7vnr_o
1355,o7mJozGj_VI
1356,M2I5g0OWvUo
1357,w754gMM9D6o
1358,xFR9D1Itckc
1359,Jq3Kd_zYO4Q
1360,c5bYqV0yEcw
1361,9kqxcW3FybY
1362,2o3lFsf3fkQ
1363,7HG7Bkacbno
1364,FYN0Nfdc7C0
1365,LJC3ZuL36z0
1366,xZzWw9chhXw
1367,GTJHlW_-GLQ
1368,v_MCVw12iTQ
1369,mI1N1YAFODk
1370,amRtD-4aNyA
1371,jXFrDLnsj5w
1372,bR27ACWomug
1373,YPuVCqw5XHw
1374,iqAzMSM-7o4
1375,3aaPgO7RPuY
1376,5kwGIR7wCEw
1377,9VpE9ktCE2U
1378,2buDELn3TmU
1379,jGM_uYqeHhg
1380,TRJfpXFzmw4
1381,VI88CRksw9g
1382,MeYsAvrXaXM
1383,pQZBIrxiv5M
1384,haxtRLlAFso
1385,AudLoKutz1I
1386,sasakUn26HE
1387,AD_RGOw_ppA
1388,6dAdvdAm8Fo
1389,IOK26uowSkQ
1390,TM42XwBUCjY
1391,vgV7RBe7mjE
1392,RRPiirNGVgw
1393,eZwq_x3zPsk
1394,gnuZcVeioHE
1395,nEWyVIhEnU8
1396,sGyV9xFz96Y
1397,WTs2W2Qef-o
1398,zvr6EZro9rE
1399,1Oow6kCBe-c
1400,tXunJ0BJ_0k
1401,FAmpBGCtCYI
1402,DVwc9OfGEQg
1403,IcF5x9D_fa0
1404,IL-44CKIHxs
1405,OQYN_EbRhgI
1406,ycTnyjpeqLc
1407,29tI4w45pwk
1408,53xihPl_bJw
1409,5jPJVy7X8ME
1410,rkImAD0Zzv0
1411,VxdecZA0ue0
1412,SbwDCMnJBf0
1413,sI32omvphSo
1414,kVHjpsyL8s8
1415,CnydZ9libBY
1416,ipK7VhkNJ7A
1417,XKiWtCj4S5g
1418,hGt-D-9Bn5I
1419,Gaei-7thfV4
1420,oqTiZZC8f2Q
1421,4Egw3oDiQio
1422,ha9w-kQV2lk
1423,f6khQRwh5cs
1424,Y5POVNw8nuQ
1425,eAH2e1Cg67w
1426,XwqSUptojfk
1427,zepYLKNUzcs
1428,_scmJbg9Xic
1429,VxC5a9SKg9A
1430,W6OOighmacQ
1431,bd4E8e95bIs
1432,YCcuHrK7hCo
1433,G87cTSeMyP8
1434,SQI1OdRIv48
1435,WYcnT4BG0vE
1436,lTuytupgWL8
1437,nUcACEjwAxU
1438,2t3l04XlcfU
1439,RFXJKAA3rBA
1440,dbU8fWpe1EE
1441,_gqhDJk_93I
1442,OHqEY_8OOIg
1443,2gxOiqGsESM
1444,rAsqoZcy3SM
1445,eiiUM1uxQus
1446,Spu-xJduZoc
1447,hGfNYjUmo98
1448,XOppfvAdUkk
1449,YM3hphXAw3A
1450,Naj9t4liSXo
1451,wnbcpF5AHtQ
1452,dLbD1DohgQw
1453,YvmjV9Cywy4
1454,T8wAR0RU0zo
1455,KLaXDKwCBK8
1456,spTK08DI6UU
1457,EoroHGpYlOQ
1458,8SlkwwwshpI
1459,xsILXPRQGoI
1460,fHlPHWoHPaw
1461,W_Q2wheyAXI
1462,WCGpcsQpFrI
1463,iwSyQUSh_ZA
1464,ACeA-Ulw10g
1465,R9eLE9rMgjg
1466,V__ZvgPdSPU
1467,Mvgk5IYp1p8
1468,umE8pjS2WmQ
1469,TAsIBTn0YdU
1470,4wc-mC7lVFs
1471,L3WoxlWaiCk
1472,ON5jnKRMF04
1473,d7MK-VxKEtQ
1474,ja51Dye5Uhg
1475,ZZl3EA52C38
1476,7Rbz-cj3UR8
1477,gx0Uf46gDdU
1478,91sHDoufhAg
1479,sBzt9k_N-2Q
1480,y1eUd5Nrz2U
1481,ui4bviRlYCs
1482,FHMs-ljljwo
1483,aPppP7oMqvQ
1484,8lEdIXb8luk
1485,JPTCVWAvJTk
1486,Q4kUjDbzNqM
1487,gaOC2yD02T4
1488,p1Z-mzpujPw
1489,kAFfd2PBXAI
1490,H834iHU8Qbc
1491,CPv_THQ2fQE
1492,L0uumvfHu9A
1493,XvkpmwrDAoA
1494,eeVKwmw6be8
1495,KvD-zwbtdfM
1496,vll2Ayl18I8
1497,Fb4-vwKaRDk
1498,OCLskitthO8
1499,lqjwVwESgfE
1500,mLKGKGuC4no
1501,8ouWAag8Gs0
1502,Pw99zuqMB6Q
1503,4jZ0cS-F8VE
1504,eo77HxbmbMo
1505,WSZw9loPuV8
1506,LIFZiiStJQo
1507,xT8Pj22Q3gc
1508,tYK4_lkg9vw
1509,R8rgr8sSNwY
1510,C6jAXoXWnDE
1511,ka3Q4kw9VKc
1512,Rj6a-k_Uuhg
1513,uVN_pAt_-gY
1514,1mvhOi7Rogk
1515,3P6tn3JyFus
1516,aGuQUXtyWMY
1517,8PcPiXs_dKY
1518,ZWH1zVjGlnM
1519,VKBgxOZE6IE
1520,SFS1DAJMXBo
1521,lAl9we-5bVU
1522,GKc5-vOmlMQ
1523,EgOtgln4Azg
1524,EGh_l2c4g9c
1525,hviCvuvk-HM
1526,VTW6Vjgm38g
1527,3AJ4dvv6Lx4
1528,XkMQUe5cKXo
1529,aZqsOu3hndg
1530,4_RFnFEP8vg
1531,Hvcclq6In0k
1532,ZszpFSlAjvY
1533,_8l63Lw-csc
1534,tvpODtYFqOU
1535,nW4y0hOH2iA
1536,HXEQpcWxzz8
1537,ehamMU7uGoQ
1538,NF863a9eTlQ
1539,EzDKsyEsIq8
1540,7YokFe9x4eE
1541,2p16qRW7C9E
1542,WKH4wzGS7yg
1543,sn5Biq566Uo
1544,vRhF6w85fIE
1545,3YvtjmtGQuU
1546,pYFqOW9dvgk
1547,oR0O5US_iFk
1548,Da_1t3fiEAQ
1549,u9vfIGGVMAU
1550,jn1ssw0G1pE
1551,AKXo822eqcU
1552,HPhZzf99Dls
1553,jHf3hQrNlTE
1554,xGcbxBm76mE
1555,n9xxlsXtXBM
1556,o_qDSCbljZc
1557,mxgsLStMSro
1558,c5wcQza-L-s
1559,8MJ8wvxKoB0
1560,grnOmL5HLgQ
1561,PJNi7lR6I5M
1562,MUMTzfjKotM
1563,kxtZbdbe71g
1564,0xH0zU_Ur6E
1565,rpssO_VuxAw
1566,ilUqn1kXAOA
1567,KVdw1bTIy2s
1568,1GztWECPQzQ
1569,Z2yt34n_HRQ
1570,PPROjxVgtbM
1571,NzW2lv7Dht4
1572,Tr7dopVtXDg
1573,r07Tsc3S4DE
1574,Y9SRvfa1wGk
1575,Oq8jN2VVxgc
1576,GG5whPd6f_o
1577,3uNrEo7P7YE
1578,KWmjvdO_66o
1579,ARXu-tHcjNg
1580,r2iP456xP_I
1581,BGE7q8ZOL-Q
1582,c5IJjBvSFyU
1583,np6cnaSD3Ng
1584,iQDsEp-S8lk
1585,hOwSa4IM6zY
1586,0xCkKmKHslg
1587,U1H8vxow0Rk
1588,8PrvnSYaeHk
1589,AyVjzrS2P3g
1590,lc-voMfCeCU
1591,8X66dyTdnyA
1592,oMv0AJBy420
1593,EqqSBkTS5g8
1594,1E9AV7Y4_Ns
1595,IM4-_GFg7N0
1596,YujdCjHikHo
1597,6gBzZ5a5jSM
1598,rxJVNLmAvpE
1599,mcprYBvzvtk
1600,y1u_uX9xlFw
1601,2Iw_4zW6HLA
1602,L5un1WFgkhI
1603,7Cgvl2wgMXs
1604,a6C7PLT_c-s
1605,NePjd56ynuQ
1606,PlOp3PY5cg0
1607,NSqIqvQ_jOU
1608,nZxYQmNoKyw
1609,OtijGMaW6xE
1610,_l4YdZumoFg
1611,V8jEe-u1VS4
1612,rBl2Oqtw3NQ
1613,PNuvmJ_U0Qs
1614,Zx4feE41S_M
1615,W5UPD7KBECk
1616,rtnKI3ztz9w
1617,McH134UFbHA
1618,PW898PqcTTE
1619,WGcgXc4nfq4
1620,D7B6O2q0ttk
1621,iDAPqEFLBFs
1622,JgGCiC4uwLs
1623,IRWbgEpax1g
1624,sMsYg_tACZQ
1625,Vi9CiKM6in4
1626,qyKy7N4pa90
1627,P66I1vEmQLM
1628,blE6DDNgJe8
1629,gQEGcAQDimQ
1630,DEn24gui7Pg
1631,lsfrIgkhn0E
1632,5NtkafJeXvE
1633,_WVYUJmlRmI
1634,6uGe_QIE7Kc
1635,OKHPffnxPyI
1636,4uzN0NGmRDI
1637,4YRr7X7iCWQ
1638,6pgtRRQcl3Y
1639,D5TZS4qjsBA
1640,nWzlg0XVjkY
1641,ahZs-uiduvI
1642,oz23DlhbAWg
1643,DtbFr8-3x24
1644,9dWSSDa5KFg
1645,DOUqC6I1Hs0
1646,RrE4lxwoXXU
1647,m5srIxF1NhE
1648,Y12L1pnUQLo
1649,Nz8gOGN7gtI
1650,naYD0tAawFU
1651,pccaupxbtDc
1652,I4lCP6hGFOc
1653,VPLEG0FKLQ0
1654,76lqnEYnEHc
1655,00JlkQqKeYE
1656,Dxyu7UtKM-c
1657,iXaivLo7CBk
1658,k8LapHHy_fM
1659,miE-O1vOa1U
1660,IWKo64NBpj8
1661,Of8cuk3uXFI
1662,mcjqc7tdaAo
1663,h-NSfCsfDRY
1664,yvC2Mtw7WSA
1665,iz9Sjnqa7Ec
1666,Th2__u1AxxU
1667,rOMPbXVW3Dc
1668,nut7nkSb7iY
1669,4IewtVZ3LSI
1670,Y2cj8XXzRC8
1671,Uoebujwn80I
1672,ydPkv8AiCtM
1673,1Rwe2Q3VXsw
1674,gqlXjzKRm5U
1675,90TzY709qkc
1676,apvj1Zkz6o4
1677,sm6leiI8EkI
1678,zTTCJoKdEPg
1679,S0DqyfFOyNA
1680,9sCDzvmZJB4
1681,ex4p2bnTqcM
1682,wcAyobmFTC4
1683,jGpEF03JkOI
1684,X1rdG1n9tEE
1685,XBhdQISm5bc
1686,rqwaT-2sJxs
1687,uxCv_gdkZxg
1688,ezaKpYSZS_g
1689,Og3_lexdfJM
1690,Nn6FmnjQzjA
1691,OPAaH-uj3oE
1692,4iUpEnS-j1c
1693,6BRNcozfpxA
1694,0lCgMca1IMw
1695,Ej2eMuDcszA
1696,dE5FVv1fdVs
1697,IRnprjczW_w
1698,wmxSdrvoyIQ
1699,CkGfiqA0Cmw
1700,pkBRZO6j00c
1701,ryvNfaijZG4
1702,jLPJTUFY9pk
1703,wEEaSW2g48w
1704,Bkek4DuUHdk
1705,rV-1XYK60DU
1706,YZ_rSYvf__Q
1707,ko3mIYHdY2E
1708,JAnAUVt0aLA
1709,0tgqaN-utM8
1710,ShApKcsBJZU
1711,psLzLp8hv4w
1712,P44zT4ewXac
1713,ErBy_ILUy7U
1714,oy4yunrr0s0
1715,B_EX2q5oocQ
1716,LrOAqA8Qz4M
1717,3AzreW84kGY
1718,5Ju9pfX9zUk
1719,zCtDShoGzpw
1720,ha0UiiukZ4k
1721,W9LfbpthwKE
1722,08H_YWXGTS0
1723,nRNMpZbdFHY
1724,OWzR_0UKWQc
1725,1yIUnnriIMY
1726,ppMcRKPebic
1727,PFbgHZ1u4dw
1728,pCdr7FAgJX8
1729,G6f9zxSDgD8
1730,N3l5O5xWlvo
1731,UApCcRqu_Xo
1732,Pe04R5RFKLU
1733,DWESSHx5qkA
1734,PbBN0hFlocE
1735,RbPkwJq7qAw
1736,40ahCL_LcIs
1737,92s34xE0MiM
1738,iShGeWIQwcM
1739,DGcxrjHZ7xM
1740,RaZWWRrTi_g
1741,BtIroSLV0ok
1742,G-BZd-dyWK4
1743,lo93ZvQ5drc
1744,F1WpWPYBwKs
1745,QjlgDXjhFs8
1746,77kN8Bk_zIQ
1747,hkU4SBzeXug
1748,z62Wv4mjDCU
1749,Q4jtORoWFSk
1750,w5UgkbQqjzo
1751,yP_BzM8NXBE
1752,jGVVRR9_Was
1753,1znLPOWKvxk
1754,66Kk-zhUjPM
1755,oLJXGWeqt_Y
1756,1B3hVSx6EHU
1757,XNAprqzLk5k
1758,9heXSsadCk4
1759,UVrdCPEWrLY
1760,lCWiA4Efv78
1761,OyF4NrKVf2A
1762,dk0E5LtfJPY
1763,rnYO91JatmU
1764,k6ntXwsWshQ
1765,FQWzbB3MJas
1766,4EjhaOYXnC4
1767,7OfP1mXc-Ls
1768,wUb3kColRK4
1769,eRCN-JK_D8w
1770,jhqX5TccMAA
1771,FZ5WPcdxst8
1772,qC5hAM_SoT8
1773,zbWbyFBf5JI
1774,Z4aYZrzM-Ng
1775,m3MsnEyhUfg
1776,gqQjWd8GY0M
1777,uDlLHD1_I9s
1778,4_JD5tnDvWU
1779,Q_JhH9rF34o
1780,6M6C_xh25bs
1781,SqDH0mfbh5Q
1782,iNGsVQ7wE1M
1783,SI7fVSkbta8
1784,aidSZMHg6kE
1785,cFO-7P74xRo
1786,2hJO-QxPkMw
1787,50q3rqq8SaY
1788,pA8vBFUEEKM
1789,eCxDK1x6sKo
1790,ei8082b2hXs
1791,CL5SRokRMjU
1792,p1C7O_kQ6rA
1793,I9rnmxslMWE
1794,cFLlRldrhkY
1795,iRw6DRmfNso
1796,xpMglrtUIrQ
1797,TkG-dH4ovXQ
1798,fTtbYd6X-9s
1799,t6k8x7jEHOM
1800,JgRgz5617dk
1801,hLd-Guevhb4
1802,LBUT2ix_4_U
1803,FlSzNd0asRg
1804,pzCX3aJNFdc
1805,x6f5FoFCdFo
1806,ZCVo75v4mk8
1807,43wmtDFIhjI
1808,xIS9DyibHUs
1809,8aOk2tPkPmQ
1810,KirfKv8iUZs
1811,tiPfTbehMns
1812,IUXQT4fsaf0
1813,edoXACIaTh0
1814,hlEGuFrJ6so
1815,TOFZR0uqYr8
1816,Ak6017hGyk8
1817,9EiiSHIsF7Q
1818,qGCjmO9z6ng
1819,CpPUiK0GR_E
1820,enRsFz3LlOw
1821,rfl75-WaV6A
1822,lZCE0IZ0uXM
1823,1uP1HRQet-Q
1824,EL3DLG8ysqs
1825,CZojauRJcv4
1826,eJzu47EaJxY
1827,yvE3R0YT7tk
1828,nMvTaPBsUL0
1829,QYA8rCPPjNc
1830,_onKGmpcwOE
1831,KoK5MoobPMo
1832,X6wUPNyXqs4
1833,xazg5EWn1zU
1834,4c_Grdrx7t0
1835,GuxyoYQr-Jg
1836,SIkcDORyth0
1837,sMIoVO-3Nsc
1838,I-n7iLCfoPY
1839,HT9wu9KDq7Q
1840,y4UhJm4IhVo
1841,hHEu-O70KZ0
1842,P0cB-jO12BE
1843,8uhMTGFmkc0
1844,kVgI8LEcumM
1845,Iyg79lFpFBI
1846,wJWEVOaS4_E
1847,OWxqt9JA9lk
1848,SPm-bqOPCmA
1849,qMfm4aLe2iU
1850,gqO9nLLW6c0
1851,LviMWjxTeEI
1852,dyPhCO3LrtQ
1853,7Hejrh5bZSY
1854,H9wQt8WyuOI
1855,mbaMB2m0los
1856,keseiynjO-k
1857,IdmZSLItdF8
1858,UZjXva-LhOA
1859,4trVeIc8P3U
1860,S35Jz_AnImI
1861,w8FbJVO4Qx8
1862,K1tIi0cbLnE
1863,uh7h66v3lvk
1864,q4JibkhMZRI
1865,6bojKA2Cmno
1866,XATvlTyXaTw
1867,Fzjn3wCio6g
1868,rr_RAMPt6GU
1869,xjzlZSQiNDg
1870,QBGoAH-w4OM
1871,UabsJZ4qZZ8
1872,i1e0x6w6U3M
1873,zOlYvWnlMTk
1874,TA3embFyHj8
1875,1Bi_XZn4AEc
1876,mJiLIKN4_k0
1877,N364bevu9yw
1878,aXZk2A1_Lhs
1879,wTP0NgMKmIU
1880,3mn0WlB1Gx0
1881,8Cz_HEh6L3k
1882,Ez9X8HqSu1Y
1883,r4Zh1On2d3U
1884,lFH9hN3K-Js
1885,RDiDz2hk7w0
1886,hsQWfdWcKXI
1887,dmYYTownZEQ
1888,y0p_-LxH8BA
1889,lj_rP-ApQFw
1890,k93suUhwfXw
1891,nahvJjIj08k
1892,JaL383avqgU
1893,Jlv-0FucESM
1894,UVj4ufkK6Oc
1895,WeSZ92hJlug
1896,VJX7a3nxT60
1897,PcPpTkAl-tI
1898,BcfZduo38Qc
1899,movE1iP3wmQ
1900,T0-wIh9_SPc
1901,sF1WTxuAG3Q
1902,07RGwJXg1f0
1903,XPUSZJDO7CQ
1904,Va094NL4ob0
1905,KMkboKUbYvs
1906,S-ZOW883xWk
1907,Qyn5VoPFlK4
1908,w6mnQe7dThE
1909,LOz4RbTzG5E
1910,PznvL34rYqQ
1911,o79415DcXYM
1912,01FDHp1aUCA
1913,2xK88cVjMqM
1914,9p2nv6Lm428
1915,YIFqYVAOosM
1916,kJKwhIBcu2s
1917,Gq9WFa4_piw
1918,NZkR5Wb2KQs
1919,Z3y_GnwsIHw
1920,DOGhcu-1vMQ
1921,u4lIaQk_P4U
1922,P7uA_yVAxb4
1923,ZY5BwMjpUOI
1924,tPlsK8lOZFI
1925,3sXjhpugLTc
1926,BS4YgBXw6f4
1927,zDzieioM05g
1928,isrL1ke7rss
1929,SFG_Xz3f-80
1930,htu9QZYttMs
1931,gKlO3ov3vEo
1932,yzZOxgafwmM
1933,8GEB-TYLMmQ
1934,EluEZZ_VYEY
1935,QbvG8Drh3MM
1936,dChHefZKBXM
1937,O6doiEMCSYY
1938,BZ_MkR-qDM0
1939,RxkrJ4A2BRA
1940,n3neNCLVynk
1941,WMk34KTMy9A
1942,2E3SYfVkdT0
1943,_Rvc8Nfcxqs
1944,48b70RG463Q
1945,3StWa78nSSQ
1946,aLKADxnBmb4
1947,T6yCmWVWkfY
1948,qhh43moZ8hE
1949,tV0JOdKX7QE
1950,8240cBUuP-c
1951,9Zx1Wv25_Xk
1952,bNcgpwqOoP8
1953,0XMm1kQASaI
1954,D-rfwPhOhhU
1955,Zq050kmfF_8
1956,gaj_Db8dFL4
1957,Ar8G2IMMe5w
1958,aOY5FXUll0I
1959,RXpAAp0sR6Y
1960,JrovDivYMXM
1961,YatnyY1uA7Q
1962,LjtISBB-kzE
1963,2YkOm2YzmhY
1964,47olXOS7v_0
1965,65hAWAt6LNk
1966,Rv3ifhvx9_M
1967,Zf8zkZQbDiM
1968,ZJ5QVnXGTzw
1969,RdndASVViW0
1970,_mLB438IDuY
1971,pD5QXaSErMA
1972,vCV65xqhzKU
1973,x9b-IEx9YkU
1974,JmE_ddYYbSc
1975,8ggMGHVUoOY
1976,y_kSniV76WM
1977,2xxSxmlT8NU
1978,K7Xxa4OGN1k
1979,7EqTtKbKIM8
1980,qgOe8HVNDM4
1981,5pFAoV9o_bk
1982,Jx2FSjuqW-s
1983,4lBodx8rIIs
1984,4Mqr2uvcdq0
1985,vaATJIlmCqU
1986,93YDmosZ1h0
1987,LqiLaTpIhD4
1988,v28pkP3WCLw
1989,uObTAvVz2iY
1990,KtLH-hP5Jfo
1991,Q6KmM2_jsR0
1992,mW4e0t3KehI
1993,pvi8_uOnQ9U
1994,6qc9bMuffoE
1995,0ZH7NBiruqk
1996,CycZagvqJps
1997,g9m-Mjk9a44
1998,CMNaxTCbgJU
1999,qsrnHkeKtqs
2000,vXZEPt7mbgY
2001,5r3qHZuidEA
2002,_9uKgfM-Mb4
2003,r8pWOnFB2oc
2004,jKqw_rKuU8w
2005,yoQYceVrKZg
2006,886BU-NOaK4
2007,izw08iKX2bA
2008,pLIOlMW6xIQ
2009,shzdMAMFcAM
2010,OdNKftFHJ50
2011,J1tRXkZhwss
2012,8tkoxkjOEtY
2013,848r9JvmINE
2014,GFOb9BkTPwk
2015,L7oJCzUBkmY
2016,oqYyn8lRSAs
2017,OVYCnt1dW54
2018,IUhaE6W1bzg
2019,IJo9lZQCStE
2020,mbjmYiGHXSk
2021,gjIa1mDcVD4
2022,2hhy-8Hbxnk
2023,c26rqeFmJTM
2024,XOiey1tCsSA
2025,yjTSUGWi1HI
2026,EFCpVDi2j-E
2027,c4I9JmdlcH8
2028,vqGNYOy5-Do
2029,EpewOy6cT5U
2030,OW2H1mfXJLQ
2031,7zAIL0l5JF8
2032,7WetGSBTbfg
2033,NR6LMEKuuyI
2034,S53LU6uYMFs
2035,gvO8ZNvkVqY
2036,ZgXxOTIQ7js
2037,_zI3LkkO0a8
2038,MYgt2DxwDXE
2039,pD-55908S54
2040,shIDqDcx40A
2041,WMmvOIacmIU
2042,8JeI9c_Luxc
2043,FL1rzaL0KR4
2044,ov8r84MZpvA
2045,DlL6XLJ7IBU
2046,bNbUWjFpixI
2047,oiVJDpiwjks
2048,_IgTSQMD_sg
2049,Nfxj11GkoYQ
2050,SgDr6vjlnIM
2051,nKUiLyOK4bY
2052,cqTXt-jn61M
2053,wJJf-dyRO7o
2054,f62xXknCy7U
2055,Azl12unBZfY
2056,aZ4yvObiuMM
2057,nup3zVwqEVc
2058,SEorm9c0c7w
2059,99SpoDiqC9U
2060,ulyEnFh9Wvo
2061,G5QxxuBznwY
2062,nN4SX0H0Suw
2063,5uxWzg4waZE
2064,usQ-L92tSUk
2065,vhjoq24Kvkg
2066,HuBZmyJLcVE
2067,AKAC3BeLR5E
2068,OaeURPkJTKc
2069,DZT2PIyE5Vg
2070,guXjmXZ0Jmo
2071,gyASszbhUxc
2072,WbwM-ZmCWFA
2073,CLJ6YeYrdGA
2074,Ec0iFBsWLS8
2075,AQXj7ANHP-Q
2076,Hyfmg9zrbYI
2077,40NRsg0UsA0
2078,abkj32lgDKc
2079,HB3O6JhV6GI
2080,_x2-AmY8FI8
2081,i571aoXlVyw
2082,2-V-eJZc9Tw
2083,1FTwiGn-Jd4
2084,4PNtaWcF-Gs
2085,S62PrdruRTU
2086,ixzVYJMSJeg
2087,uZROk4oM1wc
2088,ByM_K-xkcag
2089,OynuQBnskdY
2090,uvBQkMu04yo
2091,Vw22JVj4pMs
2092,r_qqNTxwDsw
2093,KQeRosy5qAI
2094,ulkLk8rnIGM
2095,rcg7F3fzGpg
2096,4QqICREfSow
2097,RCRBihEx8Yk
2098,KM2Ij7KaYOM
2099,pzp8Y8JeFmM
2100,cMPYyFA-_Ak
2101,Rqq2pEmBgAI
2102,xUYHuPC8CRc
2103,qA4ahd1_ALI
2104,KDvMFV-OpIM
2105,k2sH-vRIZtw
2106,FOQh_o4Gycw
2107,srjhjpUtMr4
2108,WJDuJrs-NhI
2109,ZB803MdUn4U
2110,tBwYSZOqzHw
2111,KtgRYPRNIqk
2112,vUc4LuU2kOY
2113,KMd54tUfbvQ
2114,gO6PepbYV18
2115,elX4fVXtHzc
2116,1pl9eHVFbFg
2117,flLcZWDSQ44
2118,tL4Y0PncaVs
2119,MyGzGf5qfHU
2120,M0-swHUpx9s
2121,VSqnhaSWxfw
2122,Lxbrifx8XTw
2123,9vQCilLeQAM
2124,_lwG2RPJA1A
2125,xYsvwi3SfPE
2126,_Z2rmv62xVY
2127,5TpSJouJXm0
2128,KX3lf_9lhvI
2129,Ra6rqKSqBSk
2130,ELM1d_VMGtk
2131,LetNByV0uT0
2132,oP-WT3apPwA
2133,VU6jpBH4ql0
2134,81bJj8Akc4Y
2135,S3KGLib_Fk0
2136,rdDCr9iOeTo
2137,SdIZO3vEb8w
2138,XrfNb58zHTM
2139,yjbcCEEIlj4
2140,9PzjQ1M8r9E
2141,BQ9AduMlQI4
2142,pGsZOFXBp4o
2143,pBM98N4XYNE
2144,kxz8Lpsr4qk
2145,2bJcsA6mT5A
2146,S2NsFokFD0w
2147,AVAls5Yg1BY
2148,5QX4KcB-uyA
2149,LnhrATCBvzw
2150,g1lkW3sr4lo
2151,nt9oyqa3zSY
2152,5J4KNIhLOz8
2153,rUqsbawU0Ck
2154,OLCe0fvikaU
2155,vPHiUIyuH2g
2156,aPAiGI3qcHE
2157,u4nqK_-MbBU
2158,G_k0-4IszZY
2159,FgVBAldqcXc
2160,Vc6Nm733ajw
2161,RSE9C_UEs4I
2162,VsKKkQZtpBA
2163,g8GsHtPTf_M
2164,k2F3qemjzC0
2165,pCTvlUxJsps
2166,Sz4KQFM5DJ8
2167,tkubi-qvIuU
2168,4Nwlf9Q-byQ
2169,qCgbyM5AhHw
2170,UBuW6kUeUk8
2171,eZNXkRsTH4w
2172,rVBBuHKtLbk
2173,ozfCTo5Ql3g
2174,40qihGbngJg
2175,k5BjaVulOsQ
2176,qvLDFtaL5HI
2177,wGcWCbrEot8
2178,KzAGpRgIStg
2179,j024bD_YxPU
2180,sdVLJhWhnyQ
2181,Uj6-Zxzd16s
2182,fPYCVZx64VI
2183,PzRXf0xe9RA
2184,4566jUqHJTA
2185,V7eKLIDK1ZA
2186,jbHK2EE31Kk
2187,xfN-2TpUHzM
2188,AGMEnP4iQh0
2189,UnADFy0Bd6E
2190,v520U3vS2iI
2191,tOXM2ZBCcLg
2192,1Uk9va7IzaI
2193,WB6boQPIG30
2194,nhcOVTJak3Y
2195,RsQBSadnNAk
2196,CR7DYOQ6Wrk
2197,JLXtkxjdWiI
2198,lvMEHRIwhmc
2199,MGY4AzVZJxk
2200,wo8ceXX21oc
2201,WRbXwXBee0Q
2202,58xU0eB-l2c
2203,NB0EX9UBs8w
2204,_hCsAf7okm0
2205,a6j2y7Gf5eU
2206,9IrXTXxt_j0
2207,Am56liCVcaw
2208,SRRBEvnwZu8
2209,YTkOe0T5HFw
2210,G6rfzlB0cDg
2211,5Ec5b9r4288
2212,scNFkTJgIMQ
2213,dXVTVopFtOI
2214,yXDDYMjnsCg
2215,rQnALf0CxFw
2216,Z9GguOdO1Ps
2217,J1W2QKqXO0Y
2218,DF7Be9Pvfkg
2219,_P_XTamx5-E
2220,zw1j_73v1GU
2221,h1GT6wtLMFY
2222,3IqwzelFY2Y
2223,xNp2dLu7g6s
2224,TrYQ1w0HNZs
2225,_ocWK0Z9pGU
2226,iJnZfFXgRew
2227,y5Mg0qZPMN0
2228,EDUDMnnDGxY
2229,iiqrYLDDCQk
2230,2_MtPJ5fZQk
2231,1Bv5H6hQZ8o
2232,jqfBzk6FBhs
2233,fHMWe_Lu92w
2234,lC2IYYNDptk
2235,O15KaElIYqs
2236,rj7X8WIZZWY
2237,4pp4jP8iGlY
2238,w5MvOE1FkpI
2239,yPYJMa-zRuc
2240,XWTO4nwlSOo
2241,fs06WUfDIPQ
2242,hzS11g4q6FM
2243,0krtHBJmXwQ
2244,WdOEWNoaYJs
2245,r6R3HDmDD60
2246,vyd7B1MoK_g
2247,q6VzhcO7_wk
2248,2xOpuuEtw-o
2249,gHm2MXeZlNo
2250,_o0oSRXEyYk
2251,qDDaGIEzaig
2252,mc862AO01rU
2253,a-dvvuxzBXo
2254,qfMudGNDuuc
2255,eestM1BIDV0
2256,md_SH7IMGoQ
2257,exAnZbaPaC0
2258,VUe4Nj8q4D0
2259,6VO4DkXJkNw
2260,sAjwjvM-Nnk
2261,bYN57WdGw94
2262,satax0o_tM4
2263,nujyGzyNRd8
2264,DULYGi6dnvw
2265,UWurA4LDD5s
2266,JgiwkcZxj7c
2267,AuOD3S9sFQg
2268,qzD16V7Gi7M
2269,Cd7tGJBrJj8
2270,Bq1dPi1eNjc
2271,ALJVhTOiL-E
2272,Q1t6IhUVvWA
2273,KCLoq2ecPxU
2274,05mF22xXGPY
2275,jJKkKMX60GQ
2276,pnS0p1A7NtM
2277,nig0stqN6v8
2278,SJN5biO-AU0
2279,GXuUwVNiAmM
2280,3866CS6QVC8
2281,stxjwIyuYCg
2282,qcokdvY0bFw
2283,KwDjijmCm7U
2284,4EtkGxKeC4Y
2285,icrUkBaSefs
2286,aTUsz_9B9RY
2287,HF1VMasNXFc
2288,8K4dQ2kCiSo
2289,GvG1i1RmWhs
2290,9vf26cRtG_w
2291,xRIYvfhXrdA
2292,An_PthhkbHs
2293,7emPXuqN1xc
2294,TlaysSZEOyg
2295,j_P45ZjVHsE
2296,WXSLV8713xE
2297,9_uZqn37FoU
2298,5JfYLrq-A-c
2299,6Edw5COvBCY
2300,ZhPBtUxuxhQ
2301,fCCZ3-OcqWM
2302,RzSKOC8kqo4
2303,1J7bktXYOYM
2304,rWQUqpTsmcE
2305,_ZvfvibFup4
2306,8UP2HZkb954
2307,hPHmN0YRN7k
2308,SDHMhZE0ivM
2309,-3bSgn8ko-Y
2310,Hysb_QHPTJ0
2311,kVz1jlK01S0
2312,vMd8fhyjais
2313,neweNjMUO_s
2314,f9_oaKYFM0c
2315,jwvErQ1f3J0
2316,KvdIij84Z0k
2317,wEGcl5x7E-o
2318,v9pot_VnZyI
2319,qmjvSM3x86o
2320,ggnRbqcGAAA
2321,Yxe4_MX_UwA
2322,0y7n1b0qz9g
2323,oq6rz0t01Bw
2324,IGNNhDIf87s
2325,LB84A3zcmVo
2326,dND5rYZXHDo
2327,5_Nb_9-eMy8
2328,UESB4_9qgwo
2329,aMSs_7DRMiU
2330,2VmS0bXD_04
2331,WRLRjKCGHek
2332,aUC7XDqYsJ4
2333,-5qGn7kIkMA
2334,4eDtmnLNOEs
2335,OXhLE0drUTA
2336,hNVqYNr4RVQ
2337,NeKbfc5iybs
2338,NBtZpCehLxE
2339,jL1_O_l_0lU
2340,pQ1CkkxNjYc
2341,2K-y5MuxMbA
2342,isKhz_uusQQ
2343,y9BsiAH0ZQ4
2344,6Bvfs4ai5XU
2345,Qv_OiIP55ZE
2346,mmiWTKZzBLY
2347,MehjemdqsgU
2348,9QNmx1v2I0Q
2349,zwknQC-YG00
2350,qRAMb3kF78s
2351,rQTavHDvJyM
2352,BtOFJLg37lo
2353,89mC8tc1Wy0
2354,z46nuot_6Ak
2355,y4s-owueoX0
2356,yZkUEP1AJwE
2357,z6kpDcRReyc
2358,694BPOsIscE
2359,0O6-OvidaAA
2360,xaUxKgnPXas
2361,4zYahaJL4Ao
2362,1hwojjQb2_M
2363,Z9b4D-aO3zY
2364,z9CXQY-bZn4
2365,zh5V1i-1NQ0
2366,r1qOe_j3aSo
2367,IAgi4Z5ImRU
2368,sEtqN04Hl7w
2369,slgClRSJos0
2370,YqCW3d63ug8
2371,e2yJAEMsyyc
2372,J7bRmHm0Obo
2373,FNEoiOP76QQ
2374,0vgCf_LemKA
2375,FHoJ1ts5NyM
2376,T02lYhfOJNI
2377,Yt2ChgkMCXw
2378,KaLolMki5GE
2379,dq4Twx6Cqfo
2380,lwD3ybVreWg
2381,y-W_WO-7qLA
2382,3qIL-K1SYDQ
2383,odZz1SjO348
2384,K0dO4tB39Uc
2385,8KT5sUhIs9Q
2386,0WAmFWqfXng
2387,gnmRIWjdm0c
2388,gJ8cZ5PDB60
2389,Hu3t8a2-VaU
2390,bw-WsUnbrFc
2391,3InriTqZtgI
2392,YUxMpjOrs6U
2393,q83xVEc22jY
2394,9_FhrBBrrrI
2395,fqeuDFAFnQ4
2396,2GsF0JHejTs
2397,XKS-6eOWLds
2398,ymi2Cu1ZwoU
2399,tzjjhgB9avs
2400,GRd7zxGOFho
2401,wDWrqF1NiIM
2402,ftNyuXUJ3n0
2403,OiiNBNx6P_I
2404,mnEtcyyWv7M
2405,yXu0W8utK18
2406,Mu-vqu9oYGA
2407,CwdqRG-QqJ8
2408,HV5LrUutu5E
2409,OAlu9xvN7WU
2410,iTVzJQhcl5g
2411,5cukrERII3g
2412,g_WxjHEWgQU
2413,nC2poAO5atQ
2414,TUoGCZiAV2w
2415,7nEeOfrQVaE
2416,rpM91SBb4xY
2417,CPcoSbdKy0g
2418,5TAZUn4X7C0
2419,BAWF6CGQBFQ
2420,OjJZYx0XEEM
2421,gmuwtCeUfkA
2422,4x4eitLuA7w
2423,Mp9R3rMoq2I
2424,qyvbQswbN-E
2425,Ha7jk1K8LPg
2426,Er3K59aVJmM
2427,RacWyXZi9iE
2428,sSUFu-Hrbns
2429,FfoAAweU9dU
2430,KMsMEM1Ks9Y
2431,SYT6IJ6-IuU
2432,fbreZy7wk8Y
2433,v8by13GHBfc
2434,h1w2JYSohBQ
2435,wRIIZXbKBQY
2436,ViANv70KNJQ
2437,auTlGx5Ped8
2438,rvYu6S-yqgs
2439,csptubnWc7U
2440,LHiiX8wZNe0
2441,7fLzJ2FkBk8
2442,3I12Z-oaJMs
2443,dX2qqWAUYsE
2444,jH_JnDtfL78
2445,NwQG0x4GTkc
2446,xBYfJ0eTSHw
2447,yP8uw9QFyxg
2448,roHEdonqbAM
2449,0XPJeclZBvc
2450,8j241o1_CN4
2451,5K1og8sdBEQ
2452,VfqMPKPPYgc
2453,clOFpb6T7UM
2454,ML3WgZ44pUw
2455,b2BIK0E6Y5Q
2456,IMrrA4-9jX0
2457,IvuQT95Dv5U
2458,af20v7pidYk
2459,_5-oykXJzvI
2460,8A2EdFHfF_U
2461,8hyaniSgFIA
2462,4zSOFRkyJX4
2463,m4rjd5FXvu4
2464,KaeFsn0Cu7s
2465,sxA9w5lOR8Q
2466,k6twf5DgVmw
2467,V_LCl_T6pt4
2468,xa5J-5JYu38
2469,qz9ccyn3_oY
2470,0M-ZBMTCnqU
2471,KCriwOjv4XY
2472,9PCaBYajIcA
2473,5e8qD8YRIKc
2474,kyjFtqqpVoU
2475,3a9dV5GR-ac
2476,3gqhnDKpzCY
2477,K6iz3sq4qME
2478,eGy5a3HpEfU
2479,Oc1z_om5AHM
2480,px5xdbSqnKg
2481,Y_L7OYjbtuk
2482,YW17Xq56aGw
2483,2_Cxlyp4z8Q
2484,UKQmir4M2Vw
2485,XReUSRQ5iKg
2486,P2uG0Wgzw5M
2487,5z2aigmOPCk
2488,F5TZ1dlDRQY
2489,6FPLRg0tE70
2490,FDzYGBEG0wg
2491,DY4X80vD_Y4
2492,maFupOopB5E
2493,smS3R7DwZ6A
2494,6Ac1xezqZ14
2495,mjOQ4Qu07EM
2496,U8k-zqh6_1o
2497,AgFzucbYrXY
2498,hPonxfoN38U
2499,wmdFwUVMRLU
2500,V3YBsej2LSc
2501,rSx_8U8X5XQ
2502,uy_Qu-fvhIA
2503,1Uuw7ihbfXk
2504,YwDLlLsnZjk
2505,PwDUPzjaSxw
2506,cR7tX4EQzdo
2507,jmITaslzrCg
2508,hW1DlIT9pQY
2509,NSmoPFVzoMI
2510,2X0EeBF3xTA
2511,KJ_BG43a064
2512,5MF__TyPDyc
2513,ldTFTE5n8Xc
2514,t3Tk8jY3jU8
2515,m0-ri83peiA
2516,uk9klzmoOdM
2517,x59sxpXVtQo
2518,tM9h-vbexEs
2519,Z6m6_x3CXVU
2520,8PVe2IVdGLM
2521,gAv6VEepb-M
2522,6xvUZKsFFds
2523,GozeQOH3Amg
2524,73xT_eBwLTo
2525,2k4NNcAg1XU
2526,4aND8Eo1VyU
2527,M8PhVietB_A
2528,fmFba2vEvLU
2529,Y7Qbjkh-P0g
2530,ob_CC2Gajj0
2531,UhQhhFCUTuY
2532,ZWQUeFJYZI0
2533,VfEtgOLaYYs
2534,8U8CWAPEUD4
2535,7XiIzhM7y8s
2536,UIwJzrPiEYw
2537,EZ-EkpYythI
2538,7cQ29zj2SMg
2539,HR85jNFjiDU
2540,mrMu0fGbu6o
2541,T9hdCToiBY8
2542,YADdE31rmRY
2543,0eWE5gscV5c
2544,Td4GDBawoJ8
2545,yUea3UXWpn8
2546,mlZk7q6lR5M
2547,6wx_7RniNQg
2548,KFnvidsrUCs
2549,qk6IvYgu_e0
2550,El6OVFhipwM
2551,x2qsVSABhMU
2552,jkKYlneseLI
2553,gSP9EnBHI10
2554,p87SA_OSl-4
2555,f2_eM864RQ0
2556,b60jUybVzRY
2557,TFWNpS4E4fM
2558,xMa73wJJL5c
2559,VQoQhDXeT_I
2560,sajyXow86Yw
2561,BU7L9OawuMI
2562,dRgFc-NyKJo
2563,_TslDhwsPyY
2564,iOUQuv7GPko
2565,qFLD4yDBBGo
2566,CX81OkZuEiM
2567,iWRnDF9O0Rk
2568,GnQMdVqVEDY
2569,ItzIIp45oPM
2570,jsq1uTLBHBc
2571,5gVYfDCgYxk
2572,6nEH8H5BqWg
2573,AjTjBPLRehE
2574,JruD1mkW5Ds
2575,Ht5c9CPrXlw
2576,FJATheaSX_E
2577,bx9E4nPUhaA
2578,qoQjzJWUvgk
2579,CWHNeyIR0k8
2580,vMDbSRURLZU
2581,69cTqP3TTwc
2582,kPuu_VE7KOA
2583,ddktfwjvu7k
2584,asW5tL0fHJg
2585,0dj94vRoP5Y
2586,QDmaG1-H25M
2587,3lXUd7VxuSA
2588,ROvG2FGhDXU
2589,5P_MR-qDozM
2590,5iIXuOmEvNM
2591,dinmSTOOdTM
2592,Vr0BAQT2gZA
2593,UxdquFx4niM
2594,GHr9wj1n5nE
2595,CmO3voBR3SE
2596,zsqi2QHXaFI
2597,2G6F9Rg5kOE
2598,pTHmW9IP4b8
2599,_nZQOKGXhlk
2600,YvRkGHur5Pw
2601,bFVsSowgm9I
2602,fz-ak719-5Q
2603,iY_087SCnls
2604,4U2e51EIgB4
2605,H4Wdsqs_tp0
2606,OKNStWWkIKQ
2607,cVnx-g93Crs
2608,-9GdLb1gSUg
2609,rsZE_RytEHk
2610,iAywBdeF9j4
2611,6eg_DmSyx3I
2612,71TVikxU4rI
2613,jkj-haRRrfM
2614,yWFfzc3wffY
2615,_eYAinS4xO4
2616,UauW9CF7rzY
2617,ZxiL0md0nvE
2618,_dCnQd-3u6I
2619,JGqGYh8cMcs
2620,xUTQJBWN-8U
2621,fzi70-rHU-A
2622,DjqsC2ANAQY
2623,exNwOl6df6M
2624,Os6kaJAIL-Q
2625,Y3hi92B2Cbg
2626,jIgm1S0pFso
2627,6ShqtUCbaoo
2628,XBW4lrbY0pI
2629,7RfqMxULQuc
2630,Boq-krM1EGk
2631,8kFekDmKrEo
2632,Ksy5AOaJUVg
2633,Ey9Qo41CXs0
2634,0KxtEX7nsZY
2635,vFoA4b8et9g
2636,7_RtcKtYyZU
2637,DKSFkuHcB0o
2638,PoWbI9L0raM
2639,TOxkq1ns1VE
2640,j2BFIpIvN4c
2641,znMG10d8XvE
2642,1IhLph74WKE
2643,cLzsDkGaPcw
2644,wz7H9v1Z1Ag
2645,aNnLR_hPWyA
2646,FWlwZ7wbKL0
2647,RtRbtK2x0V0
2648,TCs4vwTkCAU
2649,J_Ojf5pgeb0
2650,8PbwHzAZw3M
2651,I6KzJTbB-cU
2652,ZETsGvexgbw
2653,mW8zzAOOFW8
2654,q_agaKFelGk
2655,X-GyNYgJgWI
2656,XJqAyZsjHbE
2657,t4gADySoOPA
2658,50j28SsUgEw
2659,_zO5Beau18M
2660,_yQwCwRVTaA
2661,_rkyaS4FboU
2662,4FeyIaz5Chg
2663,3XVQIsEstE0
2664,2fnp2q3WHbs
2665,0sxmD4vGImk
2666,yg-cEO4tu6g
2667,x3MRMZv1U4U
2668,x2XUhL6AdoM
2669,xo8PZFPm11s
2670,wfv8x1un5Po
2671,vCuZDQEWVeg
2672,stHwzi5k30w
2673,pPOJIkm8ZWk
2674,pRS-dOlbvUs
2675,zUMmoxe-wyg
2676,JxMTdTnHK6c
2677,ecOGJgibGMI
2678,tbE1I-BF_ME
2679,NtNw-xjvVUY
2680,EybFSygBBPU
2681,Bmh54Hg2zcg
2682,JVxs2lHhIM4
2683,fCaEBE1IUPQ
2684,_3y_hX0noR0
2685,Ng0FocCw82k
2686,ocxvCfB4-tw
2687,WvbHYNM55O8
2688,qKc3-6RhZqE
2689,aVhoW1o6GKE
2690,fkUHxt9SCK4
2691,1ddMVq1Wj5M
2692,QflVHXbd1Ns
2693,lXzOfJXRdSA
2694,jX_kR9bkteo
2695,c3FckYt0I9U
2696,s4NtXahwo_8
2697,tTBg0C3RQOw
2698,yhVsi4U8ttw
2699,o_jXi37PEaY
2700,MeRCzjgnSQk
2701,5I_t16imi3A
2702,8lupxiBqM8A
2703,Pevw9mlfvQI
2704,x49j0tvDG2A
2705,iCWdhMLK0r4
2706,T2V5viHZhEU
2707,aR5GKw9EGTE
2708,il-OREutWjw
2709,QCuQjs7deBg
2710,nNcmsfJ3Ogs
2711,JAELkI95BoE
2712,yKaPiOde7-Q
2713,CILaeOg6AVY
2714,a9PqaSw1fqc
2715,g8-YgV37I4U
2716,d-rxwR332do
2717,QWPQxyjuxYg
2718,k5-sFIfnfDo
2719,MkEAiOOhqZk
2720,w6NAk-CN9X4
2721,vy74CnRaQgs
2722,RteboRAScQw
2723,oFDsY88l1WY
2724,35wNnayCCH4
2725,pINl0-mnQwU
2726,Khv6qulCHwk
2727,b4higQ5rptk
2728,iqo49ADLfPY
2729,rcDGKf9aoWA
2730,db9eUhOgKYs
2731,hdc201C9a78
2732,nYqPZhlL4Jo
2733,IyU55MGHQx4
2734,2R8maaJPeFE
2735,d51Xr5qK7Lw
2736,1xqUbxr1Fbg
2737,Y524JXOSR6M
2738,vT2bb96DCaE
2739,u4q7_YsKQxQ
2740,Hx6l5Hu2Nk8
2741,7uvxt4gmOu4
2742,66BFMm8LsCo
2743,UVwMi1YYvgU
2744,_WGXI0y0B3s
2745,6ZibbOQdWro
2746,CPD-6wFeYLo
2747,4hbNI2xHNqw
2748,QRnuc5FmF6w
2749,h9AKALiXW8c
2750,LHlciCGbOMA
2751,8xwhd4Ash_k
2752,XZwBfcTy5tg
2753,3ypZeMx5ygg
2754,fHOrZQEbZI8
2755,bWegiONqAqM
2756,pqTU1vmh0eU
2757,4uvsMzjBCbY
2758,5pn83tMyR2c
2759,tlt8bro9rgI
2760,4gbtRi02ukQ
2761,aEq7II8bQMw
2762,Jm0yMbccU08
2763,OwKLXzEz3yA
2764,U9fqaUDsZlY
2765,_IkDGEGBByU
2766,8XrLxo15i48
2767,p1H960ZxNTI
2768,FAXRzyupmJ8
2769,2bXKGRhwyrY
2770,BFx0dkf8y4M
2771,klhULkQnYmw
2772,g27N7UCpHS8
2773,lKr_HCaMPwA
2774,l647XVKuiy4
2775,A6kM4cHsxI8
2776,NMmfBDPaaKA
2777,Xjhux4Q7K-Y
2778,O8H49_qIFxE
2779,8dpikwhSx6g
2780,AbwkFJsroQs
2781,DpqQsm6iD2Q
2782,Wm8l_4BGu5g
2783,uSiwhhkFibk
2784,t5mwTNh3I64
2785,IIiARcFFLac
2786,taCRCRRDW-I
2787,Phn1vG51NYk
2788,vIftu3RQaE8
2789,pOvUc5-Gbrw
2790,0j5L8_TbjaM
2791,xMwBERGb98k
2792,xXSSCuPFYZM
2793,xDGzK25gLZI
2794,ED4YvqPLjjM
2795,kEQry-JWogg
2796,qfaW-Wg-sUo
2797,P6h13g-GALY
2798,2ycgmtuP6jg
2799,Oiwwnb3_U0o
2800,K8dn7G-LoTs
2801,GiW993yxGgU
2802,cUqx7d4b-lI
2803,K5saBDOE6Sc
2804,YNb5dfeI93I
2805,eeGJFiX8yiU
2806,RG_HbruT9YI
2807,T6EHymC25RM
2808,xeR4csg52I0
2809,8N87jr7_bAc
2810,qjfAoqsbBt8
2811,dwPAds1s-ZM
2812,-2EzZTpW1Pk
2813,CgckDoi8v60
2814,qwPOf7-WNRc
2815,muPvJstrU5k
2816,5_DX5pCGhg4
2817,9RbV50jyyuY
2818,qeLRym4Q-pg
2819,ybVb3t560oY
2820,Sg2zAOMSyco
2821,ouFiGhnxJOw
2822,gc_Q1HSmDHE
2823,UlM6BfDJbUU
2824,zCL01CBD0EE
2825,lbz4MttrWjY
2826,AIGTvjVAvEE
2827,Ndxjd1lPTMo
2828,eC20EpF1b0w
2829,eQ0R0YXj9qI
2830,EbJgRFGM9FU
2831,_Ez5QPW-ku4
2832,WHD5dE4whtQ
2833,98_R-tgiFIg
2834,lq-0ia8sxH8
2835,D35uQCtr4EY
2836,KJzuMTxWPxs
2837,1k_uwC4Iqoo
2838,m4sRTWbEkcU
2839,UOaalArmsyQ
2840,l9SZhaG0uf8
2841,5hqbXn3w4mA
2842,VHGenLNO78o
2843,ZVZv6oAdcqI
2844,lRFHEcuM7XE
2845,fWb1xWzmgJ0
2846,USjS5_JikFk
2847,v7G2BlXBxpc
2848,roE0ib0i_KM
2849,nHx_SZb-Y_A
2850,BftTv_t9hxQ
2851,Ei8Cgdb8yw8
2852,wN4xCUFTyWM
2853,_H9qjTUtVGo
2854,Mcb6Zf210sw
2855,6MQV4-BWc-g
2856,c2sK0fcIjPo
2857,Q06cTq5CamQ
2858,pgjR3kbc1QU
2859,rhOG7tunTuY
2860,PHVdwpJDHTs
2861,rh6WLpO3izs
2862,QDu_JsxVwOE
2863,j_Kb_5fx-HA
2864,bDWtuXYYego
2865,WGZSuAn353Q
2866,uqeblNLaG9k
2867,k2o4oE2whsQ
2868,EwZrwSsC4Ds
2869,ON3cb8ur7pM
2870,WPdQrRs_nac
2871,t85cA4334s0
2872,jxBHhv9iTWo
2873,bgUmfLz0nDQ
2874,b3MyLiYV9uk
2875,x98c95BmnEk
2876,h3w7rI8bDfw
2877,yE-2pcdIsF0
2878,8AP7DRU1Qpk
2879,Ah2_K8fkEE4
2880,vTB0NZnDnGA
2881,cvwy6LFHePk
2882,m9UPtA4_d2c
2883,lTzsyNo0R5I
2884,7DB1wTLCjlU
2885,P2RI9Ibojd8
2886,8IGbHKIxFBk
2887,xa8LoaZQLPo
2888,_UnZ3C3oLvc
2889,nLIp_4wBB8Y
2890,NgMMN0naauM
2891,FJsyrkKgYfw
2892,1O6Q2jDNsBo
2893,Kq4qe25DA30
2894,Ck5-C4b8id0
2895,D3Mo2xdePd8
2896,npT29yng8Jw
2897,CnmMKQZ70rY
2898,AUThNTHUvss
2899,vS6mUa4WBxM
2900,BSZldCbV5Dw
2901,bWY1X5aLNQ8
2902,xRap9-3Td8I
2903,zTKoB_T7dRQ
2904,OmF4HVPyvUQ
2905,hqYRg925ifU
2906,M2lP_OuDz-g
2907,Ob5fIIPjdEY
2908,IVRlUP_zH_Y
2909,rbtAjMz4FdE
2910,6Le9hOoZvYs
2911,AKU2aHUEXq4
2912,fU-qJvV9CUY
2913,qKS2s1GmG8w
2914,YjowZOZL4jk
2915,SmTxgY-9kUY
2916,KzEQDOIdJsA
2917,jmOVmIrclDs
2918,nlQ6yU1qIms
2919,YiBR1RRwjy0
2920,xa-HPhwO5Rg
2921,n-WBs_4-ixQ
2922,rG5w0-NCLQQ
2923,PiCICpW6m7I
2924,BmBC6-jB4bk
2925,GNu7mXlEpXI
2926,5dIt2EkWrhI
2927,n4Q2pwE2U5w
2928,NsJi-jtZHF8
2929,J_2so6ogQ7A
2930,qBO75q2ja8g
2931,SXwOw_fRzTw
2932,jwTaWzrWAYM
2933,f2rzlLBxGNY
2934,EpAfEG_RlQs
2935,91K65i4cKNo
2936,D6FjMkN1ARY
2937,CRxUS8ZoEi4
2938,kMHbtug13wM
2939,tSwsi5XOEgg
2940,KTxEN2JuuB0
2941,EIWWnWf81bM
2942,fXrpLzHwRtA
2943,cYJeI4d7ITI
2944,1z7XHHvWE8w
2945,l24WousBwFM
2946,o8da6wZ_Hv8
2947,bbWEx4TSQX0
2948,D4rgJ7lD9NU
2949,-9YUwRphJ5k
2950,bVB8EsAXev8
2951,nnYTiUIPnow
2952,9JA3UxyXntg
2953,a1tH_tSdsN8
2954,TugdezreRJs
2955,mZRa-z6RsWI
2956,Oyd7kaEMXUk
2957,cf0wPvWeqmU
2958,kZU_ChQzKOQ
2959,tm0lb9eUNNA
2960,9seMTMQlCNc
2961,FfeALU8w3qI
2962,nqInuWKc3Xw
2963,x7ggAW20yIQ
2964,e8t3msuCCfU
2965,Lb1DgiJdEBI
2966,17Sk9R5libY
2967,HP_dga7-CE8
2968,2nWBzW3BDWI
2969,qpNtwTsS1nA
2970,ukNjfEKOK4o
2971,pdTyEi_Pd6c
2972,drkJigFdg7k
2973,k8btUYl8yAs
2974,nLyK9nodwDQ
2975,bSzbDBEnBA8
2976,6WrNgoRmpbk
2977,8xlvJQjYU7E
2978,ntA9VJQszRw
2979,011gA7ri6ao
2980,HLA9KK3KPmk
2981,z-zaYb1bxNk
2982,Jm4xoU795pY
2983,D9FprozBZnI
2984,rP-m6T458L4
2985,kCp-HwqyjwM
2986,p4pcJOAm17Y
2987,VY_zfhtKRwY
2988,oXP8gEANfjY
2989,tiKPf5d3fH0
2990,gfOMu28rhrI
2991,8UvQwWDOUYc
2992,Zoxa8BoXLfI
2993,8mRtQwyAbZ8
2994,UTx-8kPay6I
2995,47Z7hQhd3NI
2996,l-0twwKwDUQ
2997,D_22LO3bj2c
2998,4q_tXP35lDM
2999,8VUMFC9aGMs
3000,i1Rg5uid_Iw
3001,hz8Oc6xHTwk
3002,g9p3R_JwXb0
3003,lleUaVdSDbw
3004,kQI5rbh7_G4
3005,PlcqPqm9zJ0
3006,ZYtEzFSGpAw
3007,ZQUuzpbCirc
3008,XqkoTmKlgoA
3009,CrURQGlRKgo
3010,cYPda44TGO4
3011,rtWos0ZsK8Q
3012,nPD-h2cMYaM
3013,LPZ_XlHWdh0
3014,ZEmZ_myhI_Y
3015,95EjIJdbxIw
3016,vN6_8Bj3Mw8
3017,DXXtJ_Xi79c
3018,7LljvgWhZfI
3019,n6Vsi0vtcLs
3020,NPJT2ymYa3k
3021,k5Sj0zS952Y
3022,M-cynju3-LE
3023,04TKbCx3RIw
3024,k2aZc-zzZeY
3025,GOy7HpiKYOo
3026,jgEBB-PMd2M
3027,FtDjI7ShlqA
3028,2GVniWNzjfs
3029,upJJUbxlsTU
3030,SuRYkNX8kmM
3031,89KeTLGFC6M
3032,u6ywsDDfR2U
3033,uLSUOWFnYIM
3034,hmh1xt7yiVs
3035,AsbBJ8afnP8
3036,oNn-7U7kboQ
3037,i_hyZNs5lrA
3038,ss2XbMpGNqw
3039,VP8VTWnQf-w
3040,mdynFQDGAX4
3041,plS_W35YgeY
3042,37iVwcYsSNw
3043,4oWjL_AF7lY
3044,2yb0FYk580Y
3045,Ucj4n1Ghu1I
3046,gcwAflhXs4c
3047,5x7QF_JdNrg
3048,1QcoEqDluZ4
3049,En8Y0LjHe1w
3050,aMtiiBgZTEc
3051,GROeX57oWWw
3052,GBSFjkmvth4
3053,Xcyr0nmSBL0
3054,IBQeKg0vSBs
3055,mHcYDxGmiNQ
3056,CFprPVJ1Yes
3057,VzF4z6AIVIY
3058,5OnmMCuYX6A
3059,5jBXyLsal8M
3060,sdFfhrbs4Ys
3061,ndlDG1NsciE
3062,ZRrF9Gw99rQ
3063,vENan7CtX5s
3064,q-FjgKi3nVo
3065,wPLeEJqdzmQ
3066,3m6wkVZu_OU
3067,UtlQKCcarjY
3068,w_g5f6fKO2Q
3069,tkSxbWNwdAs
3070,D8Ch4BJKOgg
3071,FiNCfSoXwHA
3072,68EiPY3LrDY
3073,quzg2Km_1PE
3074,hMOBo0f1hfE
3075,2lxKx7X36Ms
3076,z05X9nNNXLU
3077,XFsID19k728
3078,gCamhdMyFUg
3079,kyNb_Q14hok
3080,KA2yFRqzQds
3081,Mu9iJPBgR8c
3082,lnKOCXGMd3M
3083,GyJyiWUfIEk
3084,Ddb1J_vXPSU
3085,hL9Uf0_HW_I
3086,XlObv47xZIk
3087,ooJlxRb1iJM
3088,RCCRE84Wm1A
3089,JYhMqK5U8uQ
3090,cfCJjmkP_gI
3091,4lga2kU_37I
3092,BdIBEicQWP4
3093,Bl-zTiQy3YM
3094,UWD85LOQjCc
3095,uAOYEAXqETk
3096,oJPsWKKC5wg
3097,osJYgZXFNI4
3098,yi9OWoqKiTk
3099,g7P2ov_2Tqw
3100,NdwVpJQ2U-M
3101,qG_tgQRqTAs
3102,196ZjWABcsw
3103,UyE96VRmulo
3104,PMXFwp3AJRI
3105,RQpQXRpNgdc
3106,q5eGlidHo4s
3107,dBysEU7Ohi8
3108,1wFEUOQ2NHA
3109,r83JZuviYFw
3110,ShFHNBocJgw
3111,k5khyFmFOtE
3112,IDaPdMSyb9Q
3113,DAeyC_7Ok-o
3114,RlQ0tXZrSIY
3115,_S4B-N8DSaw
3116,bTbdvy5jIQw
3117,O-jjDLKMswM
3118,C9HtY1chchM
3119,Vx5RSxHbiZg
3120,2Ty3SV26Y4M
3121,KZ9JMUFIVqE
3122,PNjpfBc7Jmw
3123,oXo6Gx_INY8
3124,c8eBuDJuxfM
3125,jJcmYILypMI
3126,e3okMzAzfAg
3127,SnyJ6qPhB7o
3128,LC9fB_oX4Y0
3129,uYBFqse7tiU
3130,pmY3I_BE7AU
3131,MgNIZl8ncmU
3132,d1wRhMRsOU4
3133,pye57KSH4pQ
3134,P89RfoHFnxA
3135,Ib-oIDKXmHo
3136,LJSzBdSbsQE
3137,Nuavx2IP1G8
3138,AX3aSeHwf7A
3139,M8VjJuHl5nU
3140,dw0NyWULjk8
3141,WSxhgaW24X8
3142,CQO3K8BcyGM
3143,wupgIBMPzZc
3144,ZrCYpYbDIsw
3145,KVwOe8i8z4k
3146,q9ZQEJ4_5_k
3147,qlWGsEWizPc
3148,xyoaB24sm3o
3149,Myx3JqvN8F0
3150,VixRgU9b_Jk
3151,xBXxx6AmNg0
3152,ob2IE0gkdeM
3153,xnPX6FhjJBA
3154,5YgKuOfrNHs
3155,Lu6DXj9Ywsc
3156,5D7C1JOTh8E
3157,uysN-HdMsCE
3158,LSRS4XZQhw4
3159,UgifRrEdK8E
3160,gGG5hCXigSY
3161,p2uqfXetHms
3162,cYJ0WU2-W8o
3163,1DiRUWcd29Y
3164,64x-cb05eWc
3165,cmBpptRDKsc
3166,yatrD3IV9Xg
3167,fVFVABHDq5k
3168,_ZvzVxVpIxU
3169,koj4Wx8TZIk
3170,HhPV08lqNsA
3171,oDiDVKQiWmU
3172,tHLzRoMfGdA
3173,I_4P0vR9VJg
3174,RtR98k-G13E
3175,HUtvUgpQNFs
3176,9tKHoJ7SKWU
3177,gkBsFaIcuV4
3178,g96rp7UeJmM
3179,Y8i8Sdqv9ME
3180,lZj5Ntew5_4
3181,wNwLYkLkGFM
3182,W2Iq54un1Ws
3183,lODEMDOz3x8
3184,kfVJg1BH_YE
3185,uPVDcoH2-_I
3186,3Bu3ecsP7ks
3187,UYUsX3H4k0o
3188,euOWYtoYYHA
3189,CuWI2eLknds
3190,JVXVoRx-0GQ
3191,CPSGEs9pv9s
3192,Xu38AgUtA7w
3193,TYXUUsDGxkU
3194,aeln_LN6YT8
3195,TAuBqtoVYB0
3196,GaUl6x1YXpg
3197,f4-NhMWHRlY
3198,bbnYWmG0w_A
3199,z4UtmjYJso0
3200,RFtwScNvw8M
3201,bIA6cgaMAb0
3202,_En5YL-X-pg
3203,iD6MD_eqkgM
3204,_n6S7e_XOUY
3205,_ILHB9QzlGk
3206,-39BZTWsLPY
3207,9nPmNqkNipI
3208,9CdqhwoILtc
3209,8ctLwwV50LA
3210,D43E-L3zFVU
3211,EkrMlwDtAgw
3212,Jzr2HzAHmOU
3213,jyy2GWKXzgA
3214,BdkyEJxeW4U
3215,DwhG6LggOQU
3216,QFlcVxFydi8
3217,V9LfUsFDDyA
3218,F6VYYBQQofw
3219,AkukJueDkIY
3220,zDrNqZNR31o
3221,wZf9swd0cuc
3222,nrVdoBR9_lY
3223,Rb_z-3Ii1J8
3224,hi9zROYVdzg
3225,3dhD9mI8j8U
3226,PZoPdBh8KUs
3227,bqjix2SC3KQ
3228,4phetZsLvGU
3229,MBbPc-czumE
3230,VJTv61PGQm4
3231,PDJNgKtIiDc
3232,8jer3zuBJms
3233,TJaJAZRq5xI
3234,LL3j73SrZpo
3235,B9Luj-hj9uc
3236,Sr94hZOJFC4
3237,mu3IjMQ22QE
3238,6uQV_UNiNIs
3239,W8Y80WyllhM
3240,E1y1QGUGw9Y
3241,3XA0X-_IuE0
3242,sMJrzyXfZBw
3243,siHVfcC9FxI
3244,rFjRD_Woyk8
3245,_t_wUQrCTeM
3246,atLJ2BxGIkE
3247,saBmFpuwmKA
3248,W-pvpxlOzZk
3249,0vhVZQEzgcU
3250,geiABCqmQ84
3251,lhWk9SXUjWI
3252,aVhSaa6aAOg
3253,7wj8-HkZ0XQ
3254,dDhCZVQf9po
3255,eV2SdBITv8k
3256,zIkvMoezI1A
3257,RZo5MisSTWo
3258,cIO6nFDnNs4
3259,Bd7nAtOEA3U
3260,fmUwUURgsX0
3261,MG1Xv99426g
3262,NUglvxENUko
3263,IL32WbRiFTI
3264,qKQ1G_ik2hs
3265,1IGUERXZUZQ
3266,mEd9LieMMuE
3267,bTi9fBHwxqw
3268,6CT4XBupHQA
3269,OIQxyLaiAmk
3270,YfbEI4w2Ujw
3271,KBFLPZtpwNM
3272,7KaxBvEaKdI
3273,DbZeaS9X5V4
3274,OVaYffEc9us
3275,efEJxEpTOjI
3276,ydPU7WUUMQ8
3277,Fb2s_kMCRRw
3278,7jV-p1LbgYU
3279,FH5HUt-KOok
3280,mrUHSjUiJIY
3281,ONxipMwLNxQ
3282,KZAT3czWjVs
3283,I93uZr_LPbg
3284,Hfb2tygywdg
3285,iWki-M_NM7g
3286,9pPl2QxIf3U
3287,6OKwUYoS66Q
3288,fLu96unuIkg
3289,l3_8bgUtq1I
3290,w28ZREQe3_Q
3291,ipokZ-Rr0ZE
3292,bj2buc-rFT0
3293,7s6q_EWFcKo
3294,O0cSF8sGG3E
3295,1GMZa8ATurs
3296,qUDY1M-gALE
3297,1b7PUHxrTpM
3298,a9Ebq23nmRM
3299,-C2Cfr1fJIA
3300,yx0ZuaQswAY
3301,vC_IN89zCps
3302,uZb9ZlIFyYc
3303,lo7SNERxfyw
3304,fqS7wEJspQI
3305,P2_OdD2g4WY
3306,LoapMZ0LWqI
3307,31XtHdHri5w
3308,YtZqrMGY-5Q
3309,BmahTbTX9yA
3310,zl6wYK2GWkw
3311,NYyrhVl0ZyM
3312,oqKtnr9Pakk
3313,1ij6hDQKAps
3314,NAiefNVg4p8
3315,HYBoX0sg2Fw
3316,RjCdy1ojKuE
3317,_hDsHDjERA0
3318,x5nfXCWEkWA
3319,4FJlrWnXL1Q
3320,5QelDx3DuAg
3321,AMKM4LBUxnI
3322,WBVWpFgsgUw
3323,d-_TbkOV3pU
3324,k_LTD3yKX9c
3325,M3ORwDgjGg4
3326,gGXf4EZ523M
3327,9YDC7cE6FMM
3328,HGXC-_2Tt-E
3329,nWhjlh5RdDo
3330,txIa9LdgOV8
3331,mXwKAxG2Z6g
3332,9ZUR1DvTlUQ
3333,rkLGg876XfY
3334,fWCHaBGVat8
3335,qdS5lkeN8_8
3336,lh8h6KkthGs
3337,x0kzpmL5cyg
3338,l_-N1V2Gnog
3339,1pX9Tp-wyD0
3340,QRejd_tXspA
3341,OvExBOybb-0
3342,reHrH0WvxPU
3343,eBDI1P10dx4
3344,rQDqbpq3lpU
3345,IGZhR7vULC4
3346,_0AW3uW4LwI
3347,xWsLGiullJA
3348,jxVlZCaupcc
3349,bX1lJWG5D1s
3350,AztZhACS21c
3351,sYYalHgoY50
3352,EtNpkLOCiZU
3353,YFcLSa8QIVU
3354,J1Kmw27VZKI
3355,uKRXCqSjCeY
3356,rEPU4D02mv4
3357,A0NpJ7mcfPo
3358,9txmdzQbS7w
3359,ZuQMn6Z0k_w
3360,m4Mw6Wg-ODs
3361,1Y1p6fGl6pU
3362,G6jBQl-2iFA
3363,pwR12jfOtkY
3364,TTARveU-etE
3365,zvWjTmd-Zxo
3366,C46XyLCHiSM
3367,RZsQ45uDwow
3368,ra_1RGiVWY0
3369,EBPl25Hhe4Y
3370,Tcl5RTB9NbM
3371,hm7YrzFmby0
3372,RtNI6Ymx4Pc
3373,TwEoiXw01EQ
3374,fpjLndh0NIU
3375,PqSh0_40KAQ
3376,800TVPyA2-Y
3377,Qk0vCsg9-xI
3378,9RGJ-f0zN_c
3379,MONTPHr7V1w
3380,IC9I52xmgVw
3381,KeEPChcm5fk
3382,u3lBq8pw3mA
3383,07lvCV0m2ng
3384,AMaV5jh9Ehw
3385,1rQSPsChXNI
3386,xfOCp9WiYZY
3387,uMgxWvWIRIQ
3388,jgEXkMzvNi4
3389,b1RyMnXHYjw
3390,1onmgQec7Ec
3391,vsUu61DZ8Lk
3392,5wBy8K0bZfo
3393,HHZ857EoG5M
3394,3rqTVh4yk14
3395,o6mmoCdAFyU
3396,ELzg7_MKJh0
3397,OX7G6wYllQk
3398,N_wyEEGpMh8
3399,tPDTgdePS0M
3400,vn2LHPWtxcQ
3401,Qp029heVBXA
3402,d5LEwHbKCqw
3403,iZSJAzueLgs
3404,sv43ZPYQxW0
3405,CwodTFEdZCA
3406,JO8KUoX3a8Y
3407,TmlDApH-DTo
3408,c1h1Y5WmCEU
3409,kF8MTC2oHlw
3410,G6ymYPmj_e8
3411,A4okag267IE
3412,eJR2gbHEegk
3413,MrwKIorimEA
3414,d55Xlk-pVCQ
3415,ggQmYJPGoQo
3416,ZdK9FwnBej4
3417,uQHs3aOGx8o
3418,ds3uIsM5lmE
3419,lz-6HA9vGIQ
3420,I0y46CnllPc
3421,QebUzPZdvdU
3422,PwMD3O4Ye7g
3423,RM8W_y4ScpQ
3424,gvHc8MCOMOg
3425,_fgraTh9WEk
3426,sJQEMQQ5LBY
3427,l4cxfwDFJfc
3428,BYWDro5j_G0
3429,yVMk1fuUovo
3430,usFvLnqphWM
3431,QioevabCXug
3432,2IMW61DOha0
3433,BnhN1IiVOGA
3434,5d0BLh60v10
3435,m2o2mW_hwt4
3436,SjSPbsITGCU
3437,7_gFJJXLv28
3438,pYnM0woebDU
3439,RAoLOcWRE0Q
3440,owUH2OnsOjM
3441,BXai8HNbIiI
3442,YVS_v35qpWI
3443,e4XeggssSlg
3444,U5yeVT_vURA
3445,UQRN_T2U9SU
3446,GbTk5t9s2PU
3447,8qFOuB5pZ30
3448,LJznpCH1Gxg
3449,epsDho5UNmc
3450,2eu5F7TC38M
3451,S4Ta9amSp_4
3452,H0Ue9D38rO0
3453,AalllFeAAnc
3454,XK9BfEWyRTs
3455,Cu4MutJUTC0
3456,sk5jsIdqVds
3457,O0NbUfr_UJk
3458,cLc1OyOq_Vo
3459,RP5Pohy5sio
3460,Q0gicpzUa7Y
3461,fKe0pnFrt3E
3462,5J6iKucVrDI
3463,z1Ukuhbn0nA
3464,Q6DcsIDfcoo
3465,5jDJIJuWpXg
3466,q7YIqGX_uc4
3467,o5SIk8vEUrk
3468,s7QCwL5r0h4
3469,2x1FNaue_sc
3470,zpVPC8RhpKE
3471,l_JBYScJ1YU
3472,VF1u4WLCUSY
3473,Hv0p4WVQyX0
3474,b-T69ewAh64
3475,FSWuwG5rxs8
3476,I_46xVfwJ1M
3477,XAl5NQQjadU
3478,0UB6RKz03Y4
3479,PDyJEOETvXA
3480,kInsFH1GGPQ
3481,nncF8l2Y1Sk
3482,RfSu757NizE
3483,S5jN-9vdtdo
3484,M1OZJS8xuO4
3485,gnjpJg2csZk
3486,BaXSW44sYkc
3487,pxV-xOEWYBM
3488,JvGcXJZNKlM
3489,n4Z3uk_UffQ
3490,4F-dflWbP14
3491,xRhJDDZ6dEQ
3492,89HD4vhJU0Q
3493,fT--7nbBCYo
3494,R0BN4NSjDz4
3495,tPm_zsBdZ-c
3496,FfhPrbcdBno
3497,fMaMOxAYYQI
3498,t2w-xvBUldk
3499,TdAL_cHSLZE
3500,cbtAIyBJjgM
3501,PlvtYL3Rzbs
3502,ce_80Wht6YA
3503,K5g6H0fV1TY
3504,lFGEGrYlsO4
3505,0hcF64qp3qk
3506,LDFqfcdUygc
3507,BasbCvPIyLE
3508,yftmg6mjkTg
3509,7tTK3l8KwsU
3510,7rhxTE2Y76c
3511,Qw3NpJN2y4M
3512,9i_OL5Xp8J4
3513,V7FhZqLWt60
3514,zUPcZP_g56A
3515,ioH-Osz5rzQ
3516,aXJVxmWTmkg
3517,tkc5gQGPyfE
3518,rMaXCm7K5-U
3519,5IfBnHJIgPo
3520,3BoPkQWl4CE
3521,udpGffi6Xr8
3522,B-PXMyMws0Y
3523,mQ92LfM_N5A
3524,At9UFA8p-GI
3525,vEARuw2YmV4
3526,59G7yddTbDU
3527,UOLaxwp-bLU
3528,pbVgJxTsCFM
3529,JjXgPfKdTDk
3530,dRIqUhnFzBQ
3531,aT-qpShzV9k
3532,sXDLSuKLNz0
3533,onJarX4UE1s
3534,ycMHa8pLV2M
3535,XRffb3IEiNE
3536,13I5xr9tMdY
3537,tl5jHJg1eo4
3538,u3tn9yGzYQ8
3539,VB7Hm2DFYfA
3540,iub9rHUc65M
3541,v_KKhuvF82w
3542,Yf7fmydG3KM
3543,h3XlzM7abUs
3544,ajoXNtKw4Q8
3545,54gNNEWK0rc
3546,zgP2mZWuVTw
3547,zbFzY1OooCw
3548,sx5iLmYa0W4
3549,haZUwAde-8A
3550,dHlDOmFPc0g
3551,c8jSd9dO2jo
3552,nV5cEUyWkPs
3553,TaFE0mywaek
3554,tethARSZfbk
3555,Slmr024JYaA
3556,TwxT7x-kByc
3557,MAVp5O0SMTI
3558,cEpGfTktBrI
3559,sR67LAPxX9E
3560,KbS3TdeCp1Y
3561,tp2BtGXdEnc
3562,wgREtzutIns
3563,opXl7xjE4iM
3564,b5s58_ILYdQ
3565,TsFZ40aTgw4
3566,I3exddoQVzg
3567,cpQgV_egieo
3568,FxVZGagiMnY
3569,9N__btDlFZE
3570,JiF5Zs1GriM
3571,Jt2YL6FwfMg
3572,z7eGCw4fDJY
3573,zW8wcKV80-g
3574,UOQhTMHMm70
3575,D0-1atHNhD0
3576,Os2lvfl-tLs
3577,UgNtJPyMlSQ
3578,zPLCT7UBTO4
3579,_Ys5y4xF3yM
3580,RCS57rYsMNU
3581,BtHnQAZmbUQ
3582,Eptr4gGhGxM
3583,H3m6Men3Rj8
3584,32ub6kDZ_-k
3585,rzg16vhE3WU
3586,P_UAg79UoYw
3587,kmlAFqL_MJY
3588,LqmG4CqSlkA
3589,E_fll6VqV9o
3590,79rybeCjzKM
3591,odfAnYiLDPw
3592,UjVOpST9XmA
3593,jx7u_JWK8QI
3594,qXN1doFhVgk
3595,WPnka7u_I5A
3596,QGvfVZ0cHFY
3597,RDZWerC4kgA
3598,iLDCUKldA_Y
3599,vM5s6mLTnPU
3600,p0LicO8rsgY
3601,CPx5ndol0cA
3602,wNqPeSS7U1o
3603,omidPtRYafo
3604,d2pAqAg05CM
3605,X-bPbhRZSyk
3606,aEnG4bdar20
3607,KNmZYUt68r0
3608,58dPIoU_J0w
3609,UR8liuibbEc
3610,q-l93gltkCc
3611,AgDObe5vwYs
3612,sMp8mSRiHow
3613,fht4iULu0w8
3614,d4NEbU_YkZw
3615,Sy3t292hy7o
3616,a_RYyF6tE3A
3617,MEvoy_owET8
3618,G0KQpeFZ0S8
3619,oSyb8sMoj5o
3620,khZ7J3PatBM
3621,TNCKAUDB0zk
3622,9G0nauE4eyg
3623,NGlBO63uKAA
3624,ypvJltqGK5s
3625,9XXYZRXrR6s
3626,9EblNzjHk48
3627,e_gJvYsKI4g
3628,31_8zEcBaWM
3629,Xooits6CJq0
3630,R_rBW-PdFgc
3631,cQWtiU6d99w
3632,YtX2nwowMtU
3633,9iSqBYUp5cU
3634,Y5pMgbhyb18
3635,JunTV_dOTwo
3636,ftaSAA3Burs
3637,_AQnUnuwauk
3638,encTjxshhEM
3639,yje5g5QtfPg
3640,viuPkZpQbT4
3641,vPflmgojwVw
3642,Ce5NW8-pwxg
3643,ZReh_ZZIVL4
3644,fr6yaCEeNZ8
3645,8t3kajAEjwo
3646,DTapsWSkCBA
3647,Shi-M_QkZ1A
3648,z406HzdZtrQ
3649,nSrQXkoaS8o
3650,bo7CUAkysmM
3651,5m7qXM5wCmg
3652,B8tpKvaJ0Yw
3653,iJgW8lKrVq4
3654,2xiYm4nsB6s
3655,AoznpLsw75k
3656,ZpdLVyOgEyo
3657,pudu0CY_vhU
3658,z3mWLajypug
3659,kZG_W_jUWy0
3660,eKEZ8D_F6UA
3661,pgV1rIHuhqM
3662,3PTfJUlI-Ho
3663,17lVgzQpMos
3664,PQf0sEzE3HA
3665,SZ3-bR5PeFY
3666,Yvt9GcIgYs0
3667,C6R4TyAmyxg
3668,GCoZ_Th77RM
3669,tOn482Um-rw
3670,VDUQRwSGAqM
3671,aqbIk7oMguk
3672,JlZTFpfNOCY
3673,2AAjhJBhmuU
3674,bXY143HW13k
3675,wFf9pKtGy0I
3676,mMmB6DPAizw
3677,N2e2kJ1Kzgc
3678,5znh58WITU8
3679,FZCWyx0lss4
3680,4Rh13DE_Zj8
3681,GB8ZqorPQdY
3682,t0RKNxJJJBo
3683,ZPtf8DVxuCo
3684,adVvt4AchD0
3685,KzbYR_Ri3ww
3686,F3dwZFCMYsE
3687,49IDp76kjPw
3688,w5vQLJhOXyY
3689,39nK5oglHXg
3690,wRPfSpdBhdc
3691,0-M_sxoy_PQ
3692,yC_jWDhukQY
3693,DA0FnVKfYYU
3694,qm2-LEwOvYQ
3695,0WTAgMhNw8o
3696,iOBdD-0BtzI
3697,MiU38Kpt_NQ
3698,is6LVbGMMrA
3699,swhdWaoVqFg
3700,tcy8dCSFh2E
3701,4dwsbpLL9Kc
3702,k82sjEQlfVY
3703,kxd6gg3a0ys
3704,CeTiuDuLUQc
3705,AndwZayyTGk
3706,MiYFxAkdcG0
3707,5qynmKG84_M
3708,yLP2FCQMMbE
3709,XEp4ZhP5zPI
3710,CNXRKHOu3rs
3711,wuvUvtUrkSk
3712,K4_YzSv4LyQ
3713,olF5xFJWNRk
3714,QNKBeCtSVLM
3715,RilXazO9zfQ
3716,F6x4UlDuw34
3717,hRUCKtdZ-sQ
3718,J29d-HHDopI
3719,NVazxaO3INM
3720,PSaV6Fav_AU
3721,xXhkjSDFHyc
3722,mv46TjV0kCg
3723,ihRodl6p0ZA
3724,hOTAWptsGF8
3725,2Zg8scxNiwQ
3726,a26HTBpGXfo
3727,vRmxcUkjkLc
3728,29GhnqTFd4A
3729,RSkTdQiNVDQ
3730,kIOyF691aJk
3731,Z4xTZp2X_Xk
3732,VNIjyCn6hZ8
3733,svGwP5lWav8
3734,xqYP7yat9vM
3735,c7iu2mlbkOI
3736,f50LWUJnWjs
3737,0zMUG6KHPnU
3738,8gKZzWkCWKA
3739,DBxl6rGIB9U
3740,s6OlQa4xa8k
3741,vlIFVnBEKg8
3742,67iXCxUhkAo
3743,q5FINbtqalE
3744,NDwpaNmvXI4
3745,xNPYz-d606w
3746,7fBEYSWCck4
3747,83FiebwLUbU
3748,JRRFR9qSFlw
3749,aByvI9Es_iM
3750,YTxvD4LEC1w
3751,5Xd39n5bkxs
3752,NdNJgZcRwss
3753,gGOrCWNJzK4
3754,g3U3NN8wrJM
3755,4nW9dqukt4E
3756,BUvKUmqfb7g
3757,PxOPv3_y2uc
3758,IYuMC-2zm4k
3759,zMe2CJHQpjQ
3760,jGV24pn8rLE
3761,AE76RS4RhQM
3762,bKtgKckjhUw
3763,O5WcNG9czO4
3764,1aG388gn31M
3765,tgefBMSNtk8
3766,qCUsMAEtDz4
3767,TCKUN-gjtEA
3768,dIUCEYL6cE0
3769,ZDNWfOd9omY
3770,Hjv85SdH9nY
3771,2Bews-6sOc8
3772,1yPPbvxXalw
3773,f2dhd8u_1kA
3774,qupeq-uyETE
3775,zxG6NaFTQ9A
3776,tu9dG9O1kk4
3777,SurEKLG3MAY
3778,Yp8odwWBnZk
3779,rGKmJbwq-as
3780,yIMaORe1sfI
3781,vQ8B6sF3D3c
3782,cKBW7xblCts
3783,2ZOjFn8KtA0
3784,V85zHXTNLuc
3785,AOvJh-xkZtA
3786,r3McO7vfniw
3787,4VOqTeSj42w
3788,Z_wASO6sVjA
3789,wcd4wBM0CF0
3790,6Lar3iWwK1w
3791,xAutg1t5QWA
3792,PxBqECyL0mk
3793,J09ACI_Mwqk
3794,4luQr5sTyLE
3795,DgoKR4N_XjE
3796,nwui6-XleUg
3797,HnLxQPCVnj0
3798,AkleiiuCw5U
3799,Iw0Pi671BMs
3800,EfUy84fq8TM
3801,PaUFsBUVLBs
3802,30waIwePyNA
3803,ZnrbbmJ90FU
3804,4WCZY7OfaNw
3805,ldfzypHivI4
3806,dpSxr2adck8
3807,2pelaWWlUmY
3808,zTo7BXlqcHs
3809,8J-q3czKkdk
3810,nCWR31vJSso
3811,tD5tunBGmDQ
3812,Dg6WuqrhGPI
3813,kQG57YjSajo
3814,eVFF98kNg8Q
3815,ni_n--NkK_A
3816,3LXHs84gOqg
3817,MErPWypv4gE
3818,qLhlaTvCmIY
3819,rS8M5lX0MWY
3820,K1IHZbnVmTo
3821,y6viSY0HGqs
3822,jGaLoDdaInU
3823,Aiwi_BovAx0
3824,OHIvGr6ZytU
3825,XxciFULXjso
3826,sX1Ye2w7blw
3827,zK-te3Y0m5A
3828,7SjzMcnQ1lU
3829,IkhNXjAa86M
3830,P1MyQ5fdH1k
3831,B_n_EdGaZFM
3832,e0KZfi9F7Wg
3833,W61WNQsbjUM
3834,wjAIf4OzAaU
3835,H8glAAlG018
3836,SpVEayOSzBc
3837,P7HQzDXIeIE
3838,W6Mir8rf6Rw
3839,dV3RJ9XF6hU
3840,kFx9pG9Jxb0
3841,sgvSUY2Wi4s
3842,pQvN1CP45cw
3843,RZ2MkS-08kg
3844,RhDu_zwg6G0
3845,rnp_EiSLqBs
3846,X_YoJZupKvU
3847,HzklEkKdUQs
3848,UOWKwF_KUxY
3849,i95gvrwXqwk
3850,zbzHHpogHVY
3851,Y7-q3KpDM4w
3852,jul6lN6M5WM
3853,YHAewnhq3HY
3854,m_wiVHrdmMY
3855,1ukfgRexLR4
3856,BPvnINV_-HE
3857,nQ01KnDA5Yc
3858,QjqpFa0dXd0
3859,6plDsAp2Ggk
3860,hqOML45o70s
3861,5Bo8w6-oFmc
3862,emVkscWxi5M
3863,CdSpQuLComU
3864,R_dPnT34y2k
3865,3fIaRMYJqcI
3866,KSXWAHRnE7Y
3867,3xIHFqxsISE
3868,_Ai3hPQ0Xs4
3869,472Btk1xt2U
3870,pbnAZM51GMM
3871,CqKcQb52tdU
3872,BEUKwDsMpG0
3873,MigplbSCGEc
3874,UOCmPj8Emu8
3875,burLtairZjk
3876,_V0XH2j6Ano
3877,Nch43wy8Zb8
3878,N79-4cyqfl0
3879,C_iG-IBG7h4
3880,RAEQnLf-8Hs
3881,8hkWQwpDSi8
3882,ZGd2P-3dJ40
3883,7zO_I0pUNHo
3884,R0d2RDawu1M
3885,n4B0_1P0SfE
3886,Wmce6KmFh6o
3887,c8jze0DFQ_k
3888,eROoYBz2Vvg
3889,_DMsrevE1bc
3890,WuaxYPKvXQ0
3891,QvAGAkseh1w
3892,nw_okL8PpX0
3893,udrZenkeRpM
3894,zSK-F693zus
3895,ysBOMEBP3GQ
3896,sr0dv7ZA5qc
3897,kY_Ijiw3aNA
3898,lwWV3L9oNoo
3899,-73Q7fy3efY
3900,oaJaM-Kfkps
3901,O3KxnqM6XRg
3902,C85RUCpXHtE
3903,lzYMJS4TgLo
3904,gDr3bC_BfVs
3905,toAmdYTmHM8
3906,tObLFb2vTU8
3907,bvLIXskYzNc
3908,KqJDoy5KXgo
3909,2xcjEgzbuVg
3910,_4Dzw1kbG0g
3911,MoIYUk-M1gs
3912,RYvItbHm5n0
3913,4830-Qb6o7U
3914,P4JF10nISDU
3915,kC2tqtE8Bvo
3916,GNJaiUXMBw0
3917,7d2-fs2aAd0
3918,upBrkHG09V8
3919,KfXJqvvY_k0
3920,rwiAaqBQ3oo
3921,ZKYQF15u0Gk
3922,aAlJNd0MkXA
3923,H77JhxB2WBU
3924,CW7_OIFAYWI
3925,UPJ8h6X4zZk
3926,rX1-eVLX9RY
3927,3P8i-Np_6IU
3928,Ef4yvaOXRqo
3929,-8hPA_oAYlY
3930,X4XZ0Tkkvm4
3931,1UBJauJMXTk
3932,FOgwAEKCDYQ
3933,cjuV0owA_xM
3934,g-ktA8ZW-Ck
3935,_1cQpsAitpo
3936,RqmqtK7vD9M
3937,h__O0xMWlpY
3938,sZMCGeAWTdU
3939,DbiFVKEPOp8
3940,L7rdL0hD0dI
3941,afeb2zQerC4
3942,JosNvgVViW8
3943,sM7UlgGvwSE
3944,C4rFfQ1kEtQ
3945,ocnFZ9S0OXA
3946,lZDE-NLnflw
3947,0aKh8v0qNyQ
3948,fPOiiTZAfcc
3949,jAuB3YIx3NE
3950,UOsq8WczzSw
3951,_iV14xuzz5c
3952,TgysBYEambk
3953,iGM5UsGWCWc
3954,PqGSRvexvFw
3955,Xzhw2LdKzow
3956,Wzv1hmmsAOc
3957,5OuZWLeAupE
3958,GCru2dm_9xc
3959,lS11KwskG_A
3960,0bUYPhqASdo
3961,l-oI50XCfos
3962,baq4J-STTJw
3963,twV7FRiJkOM
3964,tbQNgOKzZh8
3965,fjVtJzTSuPw
3966,CST7XOxw4Dk
3967,nR2ygFn-yR8
3968,sl7sV98QgfE
3969,vRf0H0_HBj0
3970,hHF8eTdE6U8
3971,wkHAx3gHhqc
3972,tb9_uRmfjG4
3973,XeI7ym6lL-c
3974,doQZYJ9ydjs
3975,HPENsLvrnYc
3976,rdgoOJqtJuc
3977,Y1ImQu9jq1c
3978,wvR4aqjm1Y4
3979,Brck3996XLE
3980,nNvSB6GxjL8
3981,yU7iqFyIcqg
3982,NGJKL-T2jHE
3983,aYa7jicZQEM
3984,aqchrDML8kM
3985,DRUXJ3RO7e4
3986,nxls-Tf_3l4
3987,tSaDD5krToc
3988,P1LIO922_XA
3989,CmJCUvnSvnE
3990,fsThaH9Oo2I
3991,2Txzryky_J8
3992,6gmP4nk0EOE
3993,qd3VV8Za04g
3994,Gp0HyxQv97Q
3995,y-CC2jOVNSI
3996,Bto7l3cKhvk
3997,xCI8EbO3MkE
3998,FVbf9tOGwno
3999,zl0isLMhhkY
4000,qshXOioiT7g
4001,Mr1YE_xS_n8
4002,Nri2WBf4NoI
4003,CYAneQMvEuw
4004,0H02bAzgVC0
4005,ww59WG8PqJ4
4006,asnVcbWQ2cg
4007,2PmVOkcUZQc
4008,EMWn-bQYfSc
4009,psOjnMcPGRU
4010,1-XxUHLXEwM
4011,KEsDG4UP7YE
4012,8Oyed-Fyoxo
4013,wtsto0vFRrs
4014,LPMi2GjeJik
4015,l1sNjGoo1KU
4016,Q5zqXclakvk
4017,obLKpKq6gfs
4018,ZQX0EUhtPFA
4019,yn_YTtIvZQI
4020,lweP66pmCJo
4021,a6oYnwWs96U
4022,AtnXntgYMVE
4023,at25eErKDmU
4024,JtbnuQwu3yQ
4025,SambEUIjN30
4026,Oav_MtiaxHc
4027,9v8RBIgAFSU
4028,mEieFuIWPYc
4029,vCi_Sr1Ys4c
4030,lko2qa46tcc
4031,J8Wkd_MAUbg
4032,_xTSHv_-7hc
4033,7SRGzTkSp3Q
4034,QhAI17lwwDE
4035,d-lBSVMqSF8
4036,UH39Lf49fwU
4037,RniLzdbz-ho
4038,ni7blzL4F2k
4039,sLe4kN8htjc
4040,bD6PW69PiEU
4041,FjLXhVIp7Hc
4042,C0U_-gbyA4U
4043,A0T7yMAAfyg
4044,J6MwiicE5mY
4045,ix-Vjej0vao
4046,62imwzghlxk
4047,0hpiAcW99yc
4048,2G4j9q7cL_E
4049,JjnN5apNoXQ
4050,80ECEK3yzxY
4051,xYgNvIZdfxs
4052,KAvaVVmV1EM
4053,B_ag_vgW07U
4054,7-NhYG3Slx4
4055,s41Wp2MPzN4
4056,C-a3jm_QHn4
4057,UuZpD87dUPI
4058,vz6_-I_Equc
4059,l4dRyaTOqyI
4060,MLoxjZNHGzE
4061,bkULyv9fxFA
4062,pO9N3T5fZoQ
4063,I3u6P3iASPM
4064,e-8DM0o7oEA
4065,F09Zq52wcag
4066,R8Y2GbZUzyw
4067,qKs7Rtg1upw
4068,qW2jplF-gTc
4069,XJ1RtKJbn1Y
4070,OMwX1cwZ9j8
4071,hL6dZYrg_TI
4072,5UywwNfvVqY
4073,SvfdygrJSBU
4074,RQiY3UquO6E
4075,kkWf7DZRnCg
4076,3URfWTEPmtE
4077,d8uYbfzW0p8
4078,tU1ZKBiCCbU
4079,toTwKTrO3J4
4080,T6hgQj3jslg
4081,WrKioDdNUlQ
4082,DDbS8gsYJxM
4083,u4LG7_W8MQE
4084,hd8i6KXabKU
4085,lC9Kg0sG5Xo
4086,VNAa6nomO5I
4087,uR963zkTOII
4088,HO07ArVUkUo
4089,pv9CSLfsXB8
4090,Xf4Ca-RU0n4
4091,U90kNiYrXQk
4092,CRE7U9dFqNY
4093,OPSq03AF4M4
4094,rkKmL32OrCk
4095,vyh7sgNfEx0
4096,kT3nk5hVDb8
4097,H4CIox55ZNU
4098,O_XDWzlU4D4
4099,7gCwyy7GQm8
4100,2o3vKWxOp0c
4101,Lhd1GeXq0rY
4102,Y50Rsv76a8I
4103,6jNDKKvylas
4104,hPW8n2rjlgY
4105,QQw3Ij-XoTM
4106,Hi1IJ8kQ_p8
4107,y2qK6RQL0XI
4108,b0X--bvz22c
4109,yUJaiOob-64
4110,8A9DhWh_ll0
4111,22uYDgZXoJQ
4112,waJFp6ayvuU
4113,VbaemqgBShk
4114,WWgW78VaLuA
4115,OuE6mNE6Lo4
4116,13n8OpQS9Dg
4117,bqkonwLASXE
4118,ZaH83cxcYMw
4119,za501S_PWSE
4120,rKB3eo5_xgM
4121,TGUjWFvel2I
4122,beb4asr4DDY
4123,XLi6z6t-Is8
4124,brR5hDodEWo
4125,yYUfZMpCeIc
4126,r9BgHho3ewk
4127,cBBl1PlPT8k
4128,D617BQKisEQ
4129,veeASxWW8KY
4130,_4mDThEyU4Q
4131,K8LaZFCj6TQ
4132,lUSluiF_5D0
4133,UIr4tfix5Vo
4134,tyYUJUl3lNs
4135,AA-5-7Z5_6Q
4136,aZdZT-foEyw
4137,EqNBeSp1MRw
4138,39AQrL_OrOU
4139,tLyZfRVdzgA
4140,Ua-gpdZWOWI
4141,kyG2ylTdLXI
4142,lIcfr2tN7D4
4143,XrT6WkWEysg
4144,_WYwmlY9oOQ
4145,kDNHaHjAypE
4146,rt8S631vMKk
4147,hfs17e-1bbI
4148,qDcbc2q5MLI
4149,5Ku6AG0aQNA
4150,J_j4Uc28A4s
4151,yobsg3Vb5pI
4152,UZWK2gObtig
4153,15JP_mCI12I
4154,tWzIXkq-dLY
4155,b4xHR1boQeI
4156,e9MvE9toias
4157,0-h9clYGPU4
4158,eUatnyoLBc0
4159,t6NHXeVfd8s
4160,OBGjCOkf6Nw
4161,FXEHXTh7ERQ
4162,aYJKQATMlag
4163,AHiGBuN81GU
4164,NfhS5TLGB4A
4165,ptdr4aaGtKA
4166,MmDL34sciF8
4167,vG_IoiApPQU
4168,yZF-oMnWC-I
4169,_tcW5H2NpmE
4170,Rb1EMXfswPw
4171,dyFw_xfJ9Qo
4172,oOyXhXdEZiI
4173,SPHlnjA8FGM
4174,BfXe3Nl4V88
4175,rWGDOy1t2F8
4176,A7AdEAuw3YU
4177,xkvWLvRzBf0
4178,eiBkU2ssvm8
4179,C_2bXeFFoNE
4180,BJcZovrtUR0
4181,2B0A9ff5pGs
4182,C-zCbZ_KYfI
4183,3DqgQuQMbts
4184,_sK59e0et_E
4185,3LqqDmSrzx8
4186,Idn8tdh3z5w
4187,m5WST5VmMCg
4188,2EL_gUDfMHo
4189,v4l9vC7dMuM
4190,TU14oolxhJI
4191,B_EDHzYV1as
4192,Er9OH4muDjQ
4193,nmnRyUV2pbM
4194,a1piomPTarA
4195,ZA2nCl4np18
4196,XF5Oop8eoc4
4197,ys6WwQf8zSQ
4198,JiNrrLnKOok
4199,445uZqE3A6I
4200,qw6QbrL29Kw
4201,juvcSPkO5rM
4202,V-Jr7Mxf7hw
4203,Hi9UfkLlCvc
4204,oqN4b3405Vo
4205,Dee3jDL-Ks0
4206,QXUiCXX-Rh8
4207,9_lTdP0dFKk
4208,TWMFihH6e8U
4209,MVLY3oy0FyI
4210,Y0wu9ttz1aM
4211,ku1aXcOcJdg
4212,LUmiJhTD11o
4213,pLbL7hTmgN0
4214,KODPg98Cv4s
4215,llsvBwurMH4
4216,Ai2JOSaeQ7Q
4217,sgUG-IaeGoA
4218,qvM0gMo0-h4
4219,KfBX9l7O6DU
4220,SBirGHHzXOM
4221,6TLF2d4_uRM
4222,NvQScRuZj9s
4223,vFP-MktgOKU
4224,HrLTJP6n8AI
4225,GSFGFvkQ0CA
4226,UnbnaT8If0Q
4227,_OGgVJlKlqw
4228,LpKIcexKP8w
4229,MntAAc7G-2Y
4230,CJS__4nBGGA
4231,yUWD2vZbO84
4232,1Tetrd0OUUs
4233,gBvVbCnGR9o
4234,tCTl6oqDdr8
4235,hGRzhnDfr9k
4236,oXiJqx-ynkg
4237,5peZWTwPtV8
4238,GXhGlsgO400
4239,oQx2aleS18g
4240,Edfx_6vpVps
4241,p2sqpAk6s_k
4242,jh8qM5-mIRU
4243,54lnC4csmtU
4244,qN_p4LVgbY0
4245,9PHihxLXuLo
4246,MwU6YWYEoBw
4247,Nam-aXYVPGY
4248,n8sDkKh_I3Y
4249,K2rPe91gtME
4250,tq_OlNY6vg4
4251,NXfjKL_T7UY
4252,6kAPWivRaZ0
4253,qqDLnKES_rk
4254,_MEJPUilXLc
4255,LZJt2FmNygA
4256,Zo9efH8JFZc
4257,OSbDq171YmA
4258,onaalKuEiMM
4259,siZ-0msELs0
4260,SFOI6KNSmcA
4261,kIClZaKfVfs
4262,R2uRzxBjDQ4
4263,_qXeJHMYgig
4264,NM66bdC2F8I
4265,zVlQKiSdE3M
4266,iZN9I92_lE8
4267,xUpog0zwwcI
4268,xUEugz-mSlw
4269,BU_O_kMaHVg
4270,xa2qsCdFVsg
4271,RhRSs4K3Kq4
4272,KY_Q3czoWuU
4273,MYHtk2n0gsg
4274,CTPzMs42y_k
4275,vYxyeYeuHNA
4276,HiiEIxraXJA
4277,Z71wox3XiuA
4278,8wd_VlFqQN8
4279,CTaLKN5JwMs
4280,BYNlHtdHf44
4281,W84f33doMeU
4282,1ZnUpOdU7YY
4283,fIK7Gdg7YNQ
4284,B-7v_ARrUic
4285,KN_-lUhlOik
4286,R2gFepWlI0Q
4287,Mz_RMxHbZ2k
4288,N4EYgXReBzM
4289,OHkEzL4Unck
4290,eyUSTmEUQRg
4291,Wtj31off8-I
4292,FDIH1GNQXQE
4293,mDjwzhc8dQ0
4294,NyC_0Z6zoUk
4295,4DxyF39Myto
4296,wrCRCz5gAEA
4297,OxkIb9BgUAo
4298,nM1jRYq_krI
4299,OltHPDxWUAA
4300,tbFSnLnjFoc
4301,ERgy04u5mgc
4302,9p6prddXzuo
4303,i61sonnyxN4
4304,kUD4mmozZD0
4305,nndenNQ-0ho
4306,2Tf2mLLmSWI
4307,sbSaLRBfry4
4308,8eZQQaNglYE
4309,W1br3K6hETY
4310,lAXyRFWp9_Y
4311,WHmXr1H1_ro
4312,sWeiwytOs6I
4313,vsz-4bw7YYQ
4314,OK0aOXRTCJU
4315,5duOBJFRGiI
4316,xAb-WQf2bnI
4317,Gb2ufCj4xps
4318,6N7cGx3Gzgs
4319,jUGBWD6Xo44
4320,D7I2rGEUDWA
4321,ikUpjDu-4m4
4322,Z1dHBqERYSI
4323,RsiftcA1Yt4
4324,LdxDUPrIPrI
4325,1qqfrwFGhkY
4326,X1S8D7ge4Pc
4327,WbLBtZNIeVc
4328,Td3CkZuVn_0
4329,iiOgIdHUrew
4330,y1DWJnfozVE
4331,xvUO4tvjzKk
4332,wa2X-jJBbnc
4333,ZE0vKwDC6Ps
4334,YUQmPBPemkY
4335,BOMDTZK4cps
4336,1_DF0T2YFCA
4337,3PlxC7Uybn0
4338,vtlwZq4XQeE
4339,9DMnXMhQw_g
4340,Cfj6Rd_dMT8
4341,SSmo_VyFE2E
4342,EL4tMp8wH-s
4343,eQ2dZkZkKAw
4344,RjcFsYTg-fk
4345,mnkq0t_e4gY
4346,XYelrnRKPuk
4347,9axuVwvyZW0
4348,IQkMMaRChDY
4349,PIm81jDVAFU
4350,DI-8W49-VKc
4351,ZdqOvBfIp70
4352,6ZojkJZ08mo
4353,kADGgp56kFw
4354,rL455NyAtCU
4355,FoFCvuR4hZc
4356,q-S8d6f4jZw
4357,lxtShVF1qRY
4358,q7rc4bWkyyc
4359,MxllylZN_0I
4360,E6Yr3g0-HYE
4361,TTr9Z_VIbyI
4362,ussaMy5f7TM
4363,yejJnFnc8wE
4364,QK2poPbYNhI
4365,AcWn6tJETHk
4366,7py81Z37fwo
4367,xHXZvFwFrb4
4368,k_-5pXUX1BA
4369,Zdvj9fqA_L0
4370,JjqpuABLRws
4371,4bVscizJi24
4372,ymT6DBMOyzw
4373,zKLUxG7SguQ
4374,dnSAdNdwRHw
4375,CWYYaH2iDS0
4376,Yr7E7Q3VaTA
4377,2Zu3_lqR3OU
4378,nOAS1-7GITE
4379,hNxhrPaaCA4
4380,utqnLoDfG3Y
4381,AXeHyqlXhWY
4382,I6Y7t_2vYGQ
4383,9goP6c_Ztso
4384,cJFLgNCDug0
4385,nmY4BmxRaBo
4386,OXzaRE4bk_A
4387,uP-AT-5JXrY
4388,oowEcBImnls
4389,1MgjEx5aUkI
4390,g9_pJqW5DE0
4391,uYDuRwfqExE
4392,NIJu6DhG1IY
4393,FKheodSM7bU
4394,UFM569iSWjw
4395,ZXSxNlkozDI
4396,RzlQqv3Q5kE
4397,IH6MBfFyS-E
4398,A25ITgxUL_4
4399,ZbH3AePjKLg
4400,kg2VAtYOmPk
4401,Skxqo0IKVk0
4402,nZXAofJbTUU
4403,nPgw4Kh6RNo
4404,YZ1YK2YMlSg
4405,Samkt7NcSfE
4406,UrvAM-ngjvs
4407,icaseQQO-hs
4408,AGBZH4Gg3c0
4409,sarvGHSuiLQ
4410,VsOtd-L8IJk
4411,oGZh5w30g3U
4412,ksJKqtzm1-Y
4413,By6aqz_79Uc
4414,yKHPc4PcfHk
4415,Fk8iLyXm7sA
4416,I7IMGzisct0
4417,1LtFndLBevk
4418,S7N3izBbd38
4419,Lbwy7h9HAio
4420,4tNw87A1f3Y
4421,lUpuvss4s0w
4422,Mf5LMOfQ_a8
4423,hzT9HPAOA5g
4424,dc94riL47PA
4425,lXlZ-jQPYxk
4426,SNVo_CD3FLI
4427,OQ5vuzURdIw
4428,UVnJ9CvdVMk
4429,Xrs05oVvhsw
4430,JH538L5sBKE
4431,hwwtyGtzB0A
4432,rH3UBpWPRvg
4433,CKUXEw4Xcq0
4434,LSojfKiJbsA
4435,ARwyroUP6_Q
4436,PxCzdxYeOz8
4437,XC_eqrcsqX8
4438,k4ztDUm3ev4
4439,uKLOWNCnx4k
4440,rzTBMIV2oFo
4441,CdP_ekQIrOg
4442,nBA4aq5OmCo
4443,TrJkrDKqiyU
4444,3K3ODho6FGg
4445,MyJ42hj3NvQ
4446,SGGry8PPARs
4447,w2uNgyXSehg
4448,VvGxtd0ihjE
4449,ZgqBRh2Mtro
4450,Fb7UcH968nI
4451,UgLtYl26Q08
4452,pmEDXet6DbA
4453,WjmpzhP5oJo
4454,gJmNJfPyIUk
4455,I44S5ado7ik
4456,rCKJU2evuhs
4457,sJlAI4p0CsY
4458,33FQvu7EI_g
4459,v7XKtwwu7_M
4460,f7lrK8PNSGw
4461,FmqnRQfBhfQ
4462,UYYv6By_c4I
4463,UEflN6rPTcY
4464,fb6R29ThGZI
4465,vG-JdNJa_iY
4466,Pt5e7TVUPF0
4467,28TeUbYvXS0
4468,WSNg7ivEnHU
4469,5N6GvGM9_XE
4470,Y7YSCRWAjDU
4471,YPNJjL9iznY
4472,FkbHOnyEyqQ
4473,yoMHonW3siA
4474,oM2Qcy1i0zw
4475,yEdvragwWh4
4476,N6CsosyQSkw
4477,9PggXwjMouk
4478,Z1zjHxCceJw
4479,ziDHfeYrwpY
4480,6x_El062cXc
4481,lq6oDNhedU8
4482,VQvlyOrqE5s
4483,yPFXM8FN5IM
4484,sA6J5V55eI4
4485,7cgOqTAPRsc
4486,VgwdQUK9x7k
4487,Qjr2bVhn08U
4488,UmAfQ-GgtCQ
4489,T0KCrmmBSkE
4490,ShO-XnHNf44
4491,RUHqdSi6xfg
4492,bw1bHltq1bs
4493,-8DGMGu9vQE
4494,x1xzOIbuiQg
4495,MYI48m2NDpk
4496,TSm-nFCDO1s
4497,HhsashAISks
4498,qEOCSn5fhGw
4499,Jn1oU1zzJTc
4500,YeaVCW1ixbU
4501,D1Eoj75_WDQ
4502,t8ze1p1iEAo
4503,zjDZrK36x1E
4504,wOWzCre7Vb8
4505,STjHq0suwd8
4506,jc0bmp3vAEw
4507,v5aVNs4dB18
4508,fiJaxx4f-aU
4509,C7VKoG2CHWA
4510,zqTHWNpSIMQ
4511,TJpHjDpOwlU
4512,ZhbM5DTE_WU
4513,7snHH9kB36U
4514,ZLoiQ-cDiI8
4515,QLrEcMq_nPQ
4516,nuFIHbzw038
4517,JrUupfFzBrA
4518,fXBMA5yiKa8
4519,4gTd7rATTpM
4520,cBfM3kvCzKg
4521,msfjJzFIzps
4522,M5ksdpeZ0pg
4523,w-zVLhcVepg
4524,5ljzTvhTInc
4525,uD6xRAYmYdE
4526,a6EHYP26r-g
4527,DsY50EcgyuA
4528,HRUOiJ4Obzc
4529,JBEPHgX3lhg
4530,DIp1pK6Az3o
4531,QnqUK0cX5uo
4532,knn4WMijjqY
4533,m8NOuUZPSOo
4534,ZKmpiI-K1G4
4535,fEdKeNUGQD8
4536,xUaYUmnSOoU
4537,vbmGscyF8tg
4538,iq54WmbEeAI
4539,4a3kKq_Fbw4
4540,GK8TYiE--hE
4541,zaudzdD4lR4
4542,fmPjSzM0aSc
4543,Zz5KWwhOCHA
4544,q6TWtOtZpq0
4545,92SGWC2kKfc
4546,biBMtakZjxw
4547,3unlZ3o-2hY
4548,cD__wbvVYgI
4549,otmuGIYalCM
4550,SoQRSudKnn0
4551,EJZQeelvgo8
4552,XEjAjOYTlx8
4553,ecbITPaWG2M
4554,8V0TJpjDSq8
4555,apuPmFZlEp4
4556,mROe11tDZ7w
4557,AhxX8UUEIx8
4558,pObIif9uUag
4559,DOa5cnTMnTM
4560,Ld_qUKipjwo
4561,7jBZjcBJG3s
4562,38AsT22Blms
4563,5dBBJ22JAk0
4564,8pt_bg4PbXI
4565,5djPCl8ViEU
4566,zXiTZbcFO-E
4567,ZWvjYnZYLDo
4568,bTpT8tQzBzw
4569,OR63i3jguds
4570,SlldccyN_Og
4571,c389xsrONUY
4572,IEsi9tTWONk
4573,20VC4KyVtKY
4574,jr2jxBIMH8s
4575,yxbhPO4b4y8
4576,zrMMhuPrvJc
4577,vCyyssi9BSM
4578,DnGiLDqcj48
4579,EktRcjVVla4
4580,9yxIjg3kqK0
4581,3KJ_luT6BR0
4582,NrN4kjw8TCw
4583,ylfC3amxcHw
4584,Ol68vHLkG0M
4585,2V-ynqzqJ9Y
4586,grDh7xbB8Rw
4587,Jam9pM03nDc
4588,MnG7H8zIo_M
4589,w11cafrlsqs
4590,7z7KXINoQy0
4591,HqyHM9VyfD4
4592,Smz3TYL2Cj8
4593,a5A5sh8IMeQ
4594,yj6cbM-h8xg
4595,qOwXIarEpzI
4596,jbd0ZfwEfQo
4597,yaWn0qcRYFA
4598,UeypOvsY91Q
4599,qdFUKuaReWw
4600,KvlS4BwTUQw
4601,9j82MERQy00
4602,fpChNJbILZM
4603,K8jFvqcqIyk
4604,6s6m0rCud_s
4605,n3ZG5ZnbwK4
4606,zcshoQ5C71s
4607,utCLsZfZsOc
4608,v2CMCdoXUjs
4609,OXGzZQ9-wMw
4610,RUC7nobhKxw
4611,tp9eh0dAcwc
4612,Gjw-5mIrs4I
4613,TNx7fAl4Ius
4614,5MzRn60irvc
4615,t3yjI9kBIy8
4616,WmehlmemdqI
4617,RDa5UiRkDdY
4618,zLVKRIvdS3Q
4619,XrQX2Dhrl8I
4620,ytSYv8H6s-0
4621,7WHdZQAp7rw
4622,aYOoG7g8Ej8
4623,bTedili3ldk
4624,wmFT7F64rZE
4625,T5VpTkkf8xU
4626,FjZKgzyTo7E
4627,WbLdt-VS--w
4628,poAA0qCP_m0
4629,VEzQVyFbfUE
4630,wlh1nDIUDBo
4631,J4N0lddaNJg
4632,1FFdOimneEY
4633,ZP_c1T7yZxM
4634,DTBJfs7lnyA
4635,xBI-1yUJV1E
4636,ORVQjngJs-s
4637,pjLSGiWFLNE
4638,N-9TbteElg4
4639,MH6sSyKpJ8g
4640,eMTINUyAyKU
4641,-4bMjD-UPpQ
4642,IYdVMc9Wmc4
4643,Udc-jve5HhY
4644,uQTyde6ltXM
4645,R3Qs989vPek
4646,kL1SEdGVPMw
4647,YpS8vsYPZwc
4648,a_vXpdTcPts
4649,VYzUrY3fcjA
4650,xo3sQQ15DEM
4651,T8kFNHKaaMQ
4652,qSK4DGc9vBA
4653,1-rcaXi_H6g
4654,Jze6akliSzE
4655,8_oTweYTKDI
4656,VYxUJv-kvK0
4657,goDZoNQ6F1U
4658,ytYt6H_dG2I
4659,OtNu80J1wBQ
4660,f-5HpgOSbJg
4661,MqISn8nSDKE
4662,pCPWAUAVUUw
4663,plL98tmrNeI
4664,7Vn0D-uqxdU
4665,_W5kCaIBysE
4666,zCf5Z57lUR8
4667,Av9YWUcp7nI
4668,asaWjbvOjNM
4669,PWFU9IpA7GA
4670,WAvcjZDUF50
4671,4MbZDjM3t0I
4672,hAC7chrA0p8
4673,0ca9gfYMl18
4674,67vulN5XM4E
4675,d3pqTgtQbRc
4676,JRKqZaDDiJc
4677,qR8qggirTgI
4678,cAuVb5LBRjo
4679,WwcPg7mNtNQ
4680,PCEmWewnUuc
4681,_QyFZ7yqIUE
4682,0320GAGIeW4
4683,1gFkc-dpOtI
4684,Sm3vjlwBILQ
4685,Q9y56cSpLqI
4686,yS-t-vMcH5o
4687,c14LxNjAS4Y
4688,tyNQFGdbbcg
4689,FV2PMneeOt4
4690,37QO_fO0GVQ
4691,GaljpPnAaxo
4692,ryPtvGaX38s
4693,_jw6pWUuFSM
4694,kF2Z6UdcF44
4695,U5m1DnJNd2s
4696,AfxCG6JvbVU
4697,nU2V37zChio
4698,fVoB3ReiCgE
4699,PQbsckdKXvw
4700,D6MJDY7wXb8
4701,Gg_35geEryM
4702,4D4dKGD2dG0
4703,51cqoeyGv6U
4704,n94Y2K5inl0
4705,uxIsCyj0TmU
4706,wdrh43p-L68
4707,A96kXmh7aWU
4708,gGlFtH5M9EE
4709,c5MSLjGnTvk
4710,LHRWiqmcO1Q
4711,ev9MTZx3wOA
4712,WoTqDnNwLBQ
4713,FTc1Rvw_dS8
4714,Pv8X8WVRzLU
4715,gLZiCc6p8qE
4716,CooGGbdsvC0
4717,KxFqO3cSdE8
4718,Y707YFrLGqM
4719,owFPDniiQA0
4720,oMtT8JTsXPw
4721,ZRx5AK47dVA
4722,9xO4mKnSB8g
4723,t1b9fvidtq8
4724,GXvon0ymdro
4725,raqHibXbsQQ
4726,bZ0-SSm44Z8
4727,_z09IOFYP0g
4728,9mVjhQ6dxaE
4729,z9nLihS_U1I
4730,uZgrQaqDPdM
4731,LWSbULSF4wI
4732,HndOYGe_QiU
4733,bjn4tXgqz8A
4734,dOCMp92ORXA
4735,6ndJVZXT1sY
4736,iFO72dzZ3RI
4737,Tjvf_o5iEYo
4738,on3LYXdikAQ
4739,XUXw6hbrLQ4
4740,94hNLeEXUAI
4741,VNLUpqTnJZ4
4742,udEywtrjBkw
4743,O6W_XmrS5dk
4744,2eqOe9BZ7qg
4745,FdGwPQs64Rg
4746,39madT0BvbM
4747,EdXvyyiKxxk
4748,cR2FDQm--fk
4749,GnYgQJud2Vk
4750,4R3leCgvhaI
4751,eWROwr_rb4c
4752,NYASWeyURMk
4753,TAiLSdvevtY
4754,_CTWFtbDAWg
4755,l9XraYZzZ0I
4756,c-HfSSNSnFs
4757,9aGX1Qf9NwQ
4758,uZv_xsSdy5A
4759,pGXfuz2ErAo
4760,0WbJpuDyb1I
4761,9NCncLuDbcY
4762,6Yqa4BR0Paw
4763,0yfTwsNRsas
4764,2STXf8nyX2U
4765,rdo9AprmLbU
4766,UVh47R2J7qI
4767,eh5PJdhhYuY
4768,c120ySStnOM
4769,_7Dzs6OLD40
4770,RHDnI3cZ7Tk
4771,xp6sbC--d68
4772,fW-f1g7GWTI
4773,GNr0zEwcUAg
4774,H30UAP8x4Dc
4775,mLZH2Rromm4
4776,LgzIdjyf3xU
4777,Ni84x_ohWtI
4778,vy_51S23T2Y
4779,b3HNX3JIS_o
4780,LdgdBOTUSqg
4781,4ADh8Fs3YdU
4782,AcNDzrfU0Ss
4783,MfMtivHV47A
4784,xIVZ9b0RgmY
4785,K1lDBx1gBww
4786,qopwiGItevI
4787,PkUnoG-wmLU
4788,037HvQ1TyGM
4789,-8nE65JshkU
4790,9n8CimSLTTc
4791,pttuWR9aS20
4792,gQdDpciH3NU
4793,mWUFbn3AA8Q
4794,E7S8Gddw1Zo
4795,G_qUjrMtMec
4796,b1mzDR3onnI
4797,DRiy4yfh-IM
4798,H2iZcImVwWk
4799,nypYVhnGbcQ
4800,69H2dq-LOm8
4801,n6x7jyFAf7E
4802,3oiiyTR8Hvo
4803,c6VAs8uZjlU
4804,3YxfwSlLe50
4805,c_u0Up6i6Vk
4806,oTaQOrvCZqk
4807,8AInR7EZ-zo
4808,s-n-wFL6f6s
4809,Oimj2eyYX_s
4810,la_IXqcHDtk
4811,0YONDXwyXwA
4812,pZ3FWW-hyjY
4813,U5rEsg9l60s
4814,5dCYdfWuAEY
4815,CddbI4q8ZEY
4816,pR8wZabYQ3c
4817,jCEBbTweTK8
4818,FdhMJo4_9-0
4819,MyS9TRPzZtA
4820,vK11Dr-zI98
4821,jIZIyep7hQs
4822,7-BPGY32STE
4823,WqXMTVqWI8U
4824,_OiJeoWA2js
4825,zYYxIs97Jqk
4826,vkTDdNeMyI0
4827,ySmVMs5qbHc
4828,IrnZODVNDo4
4829,3WnhK_qlJX0
4830,WUHRsk6MWVc
4831,uzLifA1MBIA
4832,jCzJn3PRhfk
4833,KAu5ss2TEOc
4834,yx8JIV6uQeU
4835,cgq7NdhlI1k
4836,bH2W5FULJCA
4837,KhHyy1dk4gw
4838,hkTFt0FUkn8
4839,VxV_850LSkU
4840,SMGUaCpmEPU
4841,LrkqpC4038A
4842,D6swysMuHDM
4843,qN-GeQbZDdo
4844,y3fGnyBXTvc
4845,0ThZ81M_src
4846,JEnvrv9WYIo
4847,tlgQ0AXJx2Y
4848,RiO9cb6GFas
4849,Pne2G_h9tL4
4850,C5mdyrlIqMQ
4851,p_SkNbtMyiI
4852,0zVPL1OcBhQ
4853,vfjnXV7p7dc
4854,iuOkRRoc-yw
4855,UHpMLqVB2rQ
4856,Ggd_VtmlBsE
4857,RFntfX4-y8A
4858,TQEwLtGij-8
4859,DTJiCc9oUqs
4860,6hJCfXllrqE
4861,H3WpfDT-eM0
4862,t8vTJrfxDg0
4863,GvIFh3por14
4864,fwTSsa6wBZ4
4865,wEOKUlD-QHU
4866,qbGoHb7gykc
4867,zUWTZoocCCQ
4868,T4ZO5Z-k95s
4869,Ype-mGIBb28
4870,HclKnhLAzHk
4871,l5k834SXRF8
4872,VY2oPZGby5Y
4873,0cXPUD87PUw
4874,73SJt6yPSD4
4875,DDch90ErFGI
4876,nFXZyp-87XI
4877,mlxchtixeFg
4878,Eykcs8v77N0
4879,fwpTxzVdxnA
4880,SCjvmPhbcpQ
4881,4XSNK696IMQ
4882,x4Juo7T1IHY
4883,4927QdZD_RE
4884,4OTAyW80Lcs
4885,c0emjdUaQgo
4886,p5KfNJsx8hs
4887,qz9uLFdfacM
4888,pkqaUAhK28k
4889,aEiBZBiWku4
4890,_UUioPYJc30
4891,RF17lGxYb6w
4892,l3ywu4VZXdo
4893,W95g_lbaKqc
4894,9VkmC5VbHq0
4895,TGSYCLS4PhE
4896,f2wjP4sR9xw
4897,VyMe0JqjshY
4898,rpOvpMIiq9E
4899,uTYK6oSjo90
4900,U8F545pQFb0
4901,NSipzpU1tyc
4902,1tgFOnS2yzM
4903,bxISllpsGas
4904,ZWc6pc4GqBk
4905,Nj6JPVxMLjs
4906,uDokiA4bWDo
4907,jDGi7X4Phvs
4908,Pvvu5oBdl_c
4909,xUaiYgbLbUQ
4910,jqgSXw7krDE
4911,S20W8L8w91Y
4912,BhXf6Pxy_Dc
4913,4YG_xhUu1o8
4914,72Ebl665Oew
4915,S6XGzuaCNJ4
4916,CVjMeMV9CHg
4917,pddO9JaIUV0
4918,R8QBwIpY14c
4919,dDY7kxhY3oE
4920,3QvsrIgw4w0
4921,69m2ZXKdRdM
4922,1i7o7BwtjrA
4923,HYhG_TdNe7Q
4924,d3XSWPjh9A0
4925,49RAJw9eazU
4926,bCGeZ6qqCiE
4927,uNQQSxSVWcY
4928,_65LbDynpu0
4929,JFui7oKEkvk
4930,vOi0iFLnSkk
4931,jqIPYSbtLyk
4932,z1hnBW8oTOc
4933,P4gaPKSnf0Y
4934,TIaFps3peeE
4935,RpkCirgFl8o
4936,_LlEuIJ4WH8
4937,Kxv_svjqJC0
4938,RGW7c9BBM0w
4939,xQdu48ntBmc
4940,9D0GeXuikpM
4941,5Ts2-BWl4KY
4942,GcIEpyem6XY
4943,uS8B0gCPxjc
4944,U22vKxXPz5U
4945,ZdSWVc1Ttww
4946,70miV-msmzw
4947,3nQnskRcr7g
4948,XAKr6pQf-Zk
4949,PLVmEfgaWiQ
4950,9jb5YS1TwME
4951,kaSQ-LNp9Nk
4952,td2pPHOI4VE
4953,bNyMAZErryY
4954,l0rUBomKvY0
4955,YHJQ1gn4bDg
4956,N16XrqWkLbE
4957,cCIdn7uCL4g
4958,lGPZEfd8-u0
4959,ZQxZHYQZELc
4960,5Pk-mQIG1jc
4961,jHj2LeGy2Ac
4962,Q6omGSIaNzs
4963,kx2q1yecYqI
4964,KtWLrjMh2es
4965,r8VLOexxe3Q
4966,Rjkogvs-6bw
4967,LwRN0_qmAtc
4968,w-NuqsG39-E
4969,X1v1j_cXr4g
4970,3O2XrYkvkss
4971,YtMkk9VH3iA
4972,DQmlz-qbEIQ
4973,6TVioQjVD2o
4974,yWzluNKwq40
4975,qpSt-C28WeI
4976,wc_bFbKWAys
4977,7p8bihvd7Y0
4978,aVXPZe_6GE8
4979,3N18zcEch1w
4980,sdV4__PxsTI
4981,Raxb3qodp58
4982,zUw40FnBx70
4983,sTsFH5QWbyA
4984,_OBI-uqKiZ4
4985,YBu8wIG9Wz8
4986,_bx-B70S1FU
4987,5860a1SaooM
4988,_vUSK23k3Io
4989,UbD60NFRBgs
4990,ShLmrtu9Gyg
4991,uDYFNeWzIYQ
4992,ZqF5_OD-4Xw
4993,lLFxeGYGH-4
4994,n0pC1lji7oI
4995,ugZogti6GV0
4996,LKhBGjxBvzU
4997,Mbq6l5kJk-I
4998,p5Q6zgtGAmY
4999,RvROXYg5GRA
5000,qhEidRXp0L8
5001,CAC9MPYkR2A
5002,J7w2RZaZNNs
5003,Z-kEjRgEzfc
5004,wKlYkmkoS3o
5005,B9cS5-EjrYc
5006,ue-9JmYOhZQ
5007,zMj01N0Jqc4
5008,dAihEsvO5sA
5009,1j1ghwE1yVQ
5010,ZnXYOna9Gjk
5011,cbsXQe5A0WE
5012,J-d_DdQ8Sts
5013,MOuSjU4bRJg
5014,kjN5IYu6VIg
5015,ois5XvwW93I
5016,EV2NPwV5OaM
5017,9htOPfvdPKM
5018,IZIvd29D5Xg
5019,YKso2byOWk8
5020,AvGT2RuoASY
5021,rQ0PEyS2YNM
5022,QS2nHZr6WdU
5023,rl2KRZMlGCI
5024,N-LTdvFagiQ
5025,8mc61MWl3i0
5026,Xt7JzQ6lnN4
5027,oM7swXghycs
5028,X93ug3Ytogs
5029,zAo-5hkqULU
5030,s_gPAg3EN5k
5031,UyxDb0_sesE
5032,4xYeelgAffc
5033,osqf6hBBmus
5034,kwR27SsnkgY
5035,G1WSgd-dGEA
5036,1ybKO-9IBaA
5037,ou-S-J_FEpI
5038,F2dIOmhSW74
5039,5Kaoy-LTlIU
5040,WczXxmgsWr4
5041,SRJWy6Z8cpI
5042,y1vqHGvLlZI
5043,IiIWZYk7oVY
5044,neRn2eBK9dg
5045,cUvFds8LHNU
5046,_yO6BNRaccE
5047,jNUfqfGUJxg
5048,_nc9VpZBcRE
5049,gVluP_O8MkY
5050,KiP9PcGcdLw
5051,1ufusF2ylCs
5052,CC5-JTwgMWw
5053,fstD48nS3zc
5054,jn15gwjhzM0
5055,WWrxrMNpjJM
5056,a_OVNyNOOUU
5057,u7d0ZJY_gIg
5058,HssZSTDLceo
5059,qe-eLsPkcNc
5060,nYX20MriW_I
5061,rKkMTfkMliA
5062,cJvUmPBpurw
5063,04yzbs2Ffrs
5064,43iRuG9p1uE
5065,H6qA7Z0AbGo
5066,q631uZ6DQzg
5067,RFbrlj4icP8
5068,WzjpN_28W40
5069,F6gnPRxbLbo
5070,fklgbkRX654
5071,WqWmjoBltkk
5072,L5Y2WqK4KjA
5073,HgN_dU40Ju8
5074,ntsmHjr4Boc
5075,bAgFGnjTDlI
5076,cSgH5Moz4rU
5077,QUgoIGYfWrM
5078,VAYoiJ6vRss
5079,fpam4uLvTgY
5080,b11piHMjUD4
5081,p8oYyopeFlw
5082,iGjkjJYz8Ng
5083,LJ8XV1Lga5s
5084,_FkUNBAVEsY
5085,Ow21C2XTafg
5086,OCvBoCW43Hc
5087,j4R5n-uJzs8
5088,AjNm-zQL0s4
5089,3sZMx2-UjNE
5090,peauTiFJQWc
5091,cfH0Ixunwx8
5092,x6-zdOaIoFs
5093,KDQm1_e638w
5094,a_SQuCQO6jg
5095,oqfJYU7ossA
5096,NUn9H8lkyKs
5097,dhhLA7ymgX8
5098,q80uKB5UPzg
5099,4Sc2ZG3744o
5100,fj1CF6VlrRw
5101,fNjsFwT3q9c
5102,lYVMH16JKd4
5103,b2fqU_Ln7zc
5104,ncmWTNPs2nI
5105,vOeUeMXvuO0
5106,LkNPdXmqJLQ
5107,i5xhagC5FtA
5108,NjtcXonVvuY
5109,RvqLxU4kSsg
5110,0hi5SS9KQUA
5111,3MilwlR2UIA
5112,M0t2BcnDiU4
5113,dkt-fRBeoBM
5114,B8N_qg-e8jI
5115,7eledWXJJdQ
5116,76WOECL1v1Q
5117,w16lI6VvgFg
5118,DS3UmMLklw8
5119,58EuYxeMrQs
5120,DZEUJAbBNU4
5121,weUlo38K18c
5122,mQDgjk3SkyE
5123,OptpLjgJw7k
5124,y0Tm1dlqz6M
5125,xp-6qmio8jo
5126,mEQUpAICv6w
5127,gTONnEUqno0
5128,VxT7ChRekY4
5129,L5kMEXMMEo4
5130,SBTFKnAP4UI
5131,gC9g-1MJdE4
5132,jUSZvY0KXwU
5133,OGSSMQBaAQE
5134,wPfGir2xS4Q
5135,H96dVI1sk1Q
5136,UIJAZPZhZz0
5137,zRLxxeTOdNc
5138,RhupEfnW1fw
5139,RBHY2I6FLMo
5140,j3GSbAWE1w4
5141,9Lskfcfdg0I
5142,6GknQ0Zy1D0
5143,KbkDuUdk-QQ
5144,VCMaA3hqA10
5145,w7FkL1EsOe8
5146,liMv8uegLU8
5147,3DpU6HmNh7A
5148,mcbSH1mDNgw
5149,B75ftfy9qAQ
5150,W52PP3lYlUs
5151,PxCJ7KqvQH0
5152,MaTMKa9tuC4
5153,12QrIwVUACA
5154,gRCjDXg_c0s
5155,spJ2AJpRQo0
5156,zj898IoIHYo
5157,s3Id44h1Xdo
5158,cJ9r3FumtTU
5159,0Kc4_YpOHlM
5160,a3IGa1RIoD0
5161,R14ysCN29gM
5162,aidD9mFLPg8
5163,ozBRGWy-5dQ
5164,2T77oiklt5A
5165,4-yO-0IoY8k
5166,YnIH8R63QcI
5167,s-8zEuico0Y
5168,8liZKSp1IWc
5169,pvu0YBcd8L4
5170,cG-_HekZ7k8
5171,bZsyWFCAWfE
5172,H0Q6ZVQGs58
5173,h1zn3lrBj3Y
5174,eHA0xHOzvHU
5175,YmY405qcVeQ
5176,HoNUxE8z_Vo
5177,Tgq4laQxW6w
5178,fMmqLmWi7rw
5179,JhSDZOL_EpU
5180,PbGGzh7MMjA
5181,h6kE_XcYAVU
5182,rP1oP6rd70w
5183,QXCTB2PA-Mg
5184,42FjhpnKEi4
5185,be6Xi-eKeak
5186,KaZo_IZBZZI
5187,MCnGqGaf_HE
5188,wVfvaV8Dflc
5189,u3ci0_8mveA
5190,VnCzv_hrMik
5191,B7XXPXNtQ4k
5192,ueMyww1I-Jg
5193,dMvFtS6tUJQ
5194,1T6t92TVkHw
5195,JmEMtFv1U2s
5196,nQhH7HLsv2I
5197,6eqtNrbjvpA
5198,DsdpLqU1vzc
5199,TMqlCSQAFNs
5200,UCDwzVzsU3g
5201,AoRgbBTE_gw
5202,fozVpWjpVu0
5203,hlZh4ZLppXg
5204,8eP5KIOerec
5205,e0AeRNU6iNE
5206,AGevbgV83h0
5207,135hVc6G7dU
5208,ujnPblFT6mg
5209,TVzCoc1turg
5210,drJanRhEMY0
5211,pNNqncVDVIQ
5212,WFKHeqplySE
5213,CZv9vrAAZE4
5214,g7CalfuLQXo
5215,TacW6ruDAfE
5216,nMJc8jsLOQg
5217,yth5x0ZyE98
5218,R70V1Yz-dZ4
5219,dG2FzHjzJj8
5220,TCd7_pp0xnY
5221,aobZEIf-wcE
5222,TtHWDssWVoc
5223,0udP-LzDhp8
5224,rijAdxa7JaE
5225,OVWuIYD8Z54
5226,7L7NBU4krAw
5227,CSfkuOBpJxU
5228,nMcs_hEwhPU
5229,znUzZPh92YI
5230,eflL0MQyj50
5231,pwQNEXJI3io
5232,BUvdhzbHT0Q
5233,suXpucoTWNY
5234,LKZtW8xLNVk
5235,yY1tiMoDuCc
5236,EK8vIpO5rVI
5237,37GYRphrQIo
5238,9TIb4TU_rMg
5239,dUHDtG9U74o
5240,_l1t6zs5rTA
5241,ZUQyH-4S4bU
5242,Y5fokPkkdNM
5243,9nbeqmXEbj8
5244,5FQN_MYRm4U
5245,oeGjJ-joZdI
5246,FV2gsdIRiic
5247,GaksTgrk0mo
5248,lTstBLDnLkQ
5249,fA-UGMP--Hk
5250,9eJVqvc9UTg
5251,2LJmeZgioio
5252,MuT3_k_pKHE
5253,2SLXqmbIwQU
5254,oSZA2O1nj-g
5255,Hb5ejObPflI
5256,_sIFvDltcTE
5257,XsegPWesdAI
5258,MigZEiva6Ng
5259,pCiIygP0O2o
5260,aZLgSJ7v3Fw
5261,ii-c1TeWW-s
5262,6eXV2w-1EO8
5263,yNvOtpdG6bM
5264,OWIl2UO53VM
5265,fT6nT0NOySg
5266,YhDqRY_3eS0
5267,mBIhoH4ID8s
5268,bWACA1Zjq2o
5269,MAg7Of7Aq6Q
5270,JGptKZJpjyk
5271,Gvr2HNosiHc
5272,Woc1S4cUxMk
5273,PzYIFl__4SI
5274,7dgGnj8Zuhg
5275,FlAr2-XO3M0
5276,YwvQEOnGJiM
5277,q6Wrhivp7eQ
5278,b04pjSiTWUQ
5279,le02SHlR6Uk
5280,KezWRMWyUGs
5281,A8V23saS7k0
5282,W42INEZ0qQk
5283,7dxslkZUy4E
5284,SXGZBs65qMs
5285,U3tgY_eI_P0
5286,4JNCg1-u_Kg
5287,dtX1iE6HUnY
5288,RX197R7nMXw
5289,_8UfbTuotA0
5290,l45mpO1P9es
5291,_UnThRCM_OY
5292,UyCCGHIx4lg
5293,plLoHsZGQ6M
5294,zjYUherjA7w
5295,vpKqCpWDnLI
5296,blAwpNQIUqk
5297,y-K4XrFSBpo
5298,IQvt1J7F4Sk
5299,pqfdHikTILw
5300,PL4Uzun4CKA
5301,2qHi_alv9Ac
5302,boJc3ze6Qjg
5303,WBafEClIngI
5304,J41L3HDvRoc
5305,zI1EtrrSA7E
5306,3GI40IC3R-g
5307,tikNwZh_lAk
5308,w7PARIgFHBw
5309,CAg4Ay74USw
5310,S_qrplH8fac
5311,2gvo2BCDIg4
5312,JhwCfPhxyGs
5313,WfHZh6o84YU
5314,Xc_kZJQFpe4
5315,wcY0Th7Gojk
5316,slj1vcwSMfM
5317,z-VT5dc-U6s
5318,OqSTu5G-QEM
5319,yyyoFEsZg9Q
5320,Paf-6XNXvLk
5321,AzEjUsPL7Ws
5322,I4mU5FsfAIE
5323,tRAULRa2uso
5324,uf_U0DQESjE
5325,GnvP-hyrKy4
5326,drxKfrxsNIY
5327,21_duWTnEfA
5328,yxyQPBCF3dY
5329,YCCmq7Kboq4
5330,2VlrtZ2lG90
5331,0xq9BAoyDZA
5332,018jtoLBbWM
5333,V8IqaF1yjpY
5334,xPr2j3utHBw
5335,jzLoInkVXpA
5336,fD-JDb0kBS8
5337,cPwoEc7-2dU
5338,EBhgFqP2GPM
5339,jJAkBCdNaTE
5340,39aAROAGTUM
5341,ou_NLL7yL-Y
5342,l8i7na9lsCc
5343,TUPQ-2j0O3M
5344,AunghVI5QHI
5345,YSPFuftHmRk
5346,XxU_7R0fj9g
5347,mbA0RmHD7RY
5348,p6xaIPszwpo
5349,BsYgcACfWTw
5350,v27UT5sEZiI
5351,Qs7bptn1tqM
5352,Sw3oW4w0viw
5353,VF9CqglI2ys
5354,lqSkYDuDK_I
5355,2EH_UvdkyHQ
5356,mafAEPtmZQY
5357,n-vbxASKHUs
5358,_n9Ag_97mL4
5359,T1UpD6_sIRM
5360,71PzAV28DMU
5361,BgyYK6UXRCQ
5362,WLGi0QB11-Y
5363,tiRkH3Xr978
5364,R145mIhS1V8
5365,4jN7jlvBYxk
5366,nmqCs4VhGas
5367,SOMcd618cRw
5368,gh3QFKjN-UA
5369,aCfpKM23IQU
5370,GD90-kTbp3Q
5371,4j9WJ0-ez3A
5372,buuFpw-R4VE
5373,kwkuDCp_gbE
5374,K1JA1i_lasI
5375,gceqtQYiJnQ
5376,dVgi5-jzhNk
5377,TFaU7wpi5jU
5378,I55XzLua9jk
5379,nt62My8RfzQ
5380,KBk1-RUJI6I
5381,LiBDjCFUBxg
5382,k_Huhumlgrg
5383,aqN-3A9_QwA
5384,MrD2uu9bOhw
5385,CevekZU7130
5386,XBYkYZ19o4A
5387,rKmXPUSrbOA
5388,qNiZrcAVLHo
5389,KzE0rm8zu3M
5390,GSpY9vZ4Uoo
5391,0Upz9Tj01Xw
5392,vARptKnrcMU
5393,BZYfDy9wYZE
5394,FysXwkvFCdU
5395,UvpJIA073JQ
5396,u_m-D-PrOCk
5397,2_UKMzi-_Y4
5398,7sAH4u7U0FI
5399,tjnd4KuBgb8
5400,UqIORqpXRGs
5401,rDhRQ6qqB90
5402,rM6u2m8udQU
5403,N_Pxhh2roDc
5404,wlb-L2AUMOA
5405,x5RAn_LBfNI
5406,TVfTBGqk72k
5407,NlAfZs2FNc8
5408,6g4pMwS-9hg
5409,-4nX2XU5DNc
5410,5CrYiMOcbG0
5411,vFiuvJ6X0gY
5412,DG8v1te-pXE
5413,xVkHgwosz4Y
5414,1o7yj8EmEr4
5415,0FvUNv9fzNY
5416,8P7cG8qWQZY
5417,Q7obYntcv88
5418,_VpTD6U4kng
5419,ykqvUSjtSZE
5420,gnGRcHGlzNc
5421,zjf6iaBIOqo
5422,PDmfJCXyO1M
5423,Wi3zZkOhGVg
5424,k8oscc_i75Q
5425,VcrJFyBGPYk
5426,i-8e9EfX8Os
5427,fdmylr8XEvA
5428,GTFF1BCyT-8
5429,zeSGLT0nLQg
5430,7kpZKUjPAhs
5431,F-FiJd-Nhok
5432,m1IDftvDo04
5433,RIhLdXfzwtA
5434,DG1xyPOVwJk
5435,yNhDgOzo9n8
5436,FvZabHENPgc
5437,oixq12NwK_4
5438,uV90dYnIYqs
5439,R22cUfUxM2A
5440,O3JzhOPKVJY
5441,UphKCcZvMvE
5442,BQMSXZRZZjA
5443,wewuXQpTHTU
5444,sHtuJIbxyms
5445,4mdE1AWFJ0s
5446,RG9jjxIF20A
5447,lV4ttHVELuw
5448,zlld0TqF1uU
5449,wWrXhxfo4ek
5450,0CZvKtBRe3Q
5451,Yj0NOHtlPME
5452,jTUBG47o_bQ
5453,mY82hp7EXZA
5454,V8s2OTdRZlw
5455,jjEcmcxMSFg
5456,g9iXLWLMa7U
5457,CCYMkfoc3GY
5458,9j4WwP5rXXE
5459,AlpiFej2uOI
5460,s5Jj0MVBXbM
5461,WIGrIfIj6aY
5462,by5_8SpGX-E
5463,RokIWzt5YLw
5464,r92ZCONFStk
5465,3G4FUsvfsQk
5466,V4mqNmBhv1I
5467,OEIiBj3_1GQ
5468,a9PcVit2jEw
5469,8Wv1qthiFy0
5470,Q9hbDk-MxPI
5471,XAemGP3iacM
5472,M-GGz2SPZiE
5473,KNPMvJ_8Tus
5474,QSA0jN5ai08
5475,adzX7SCvhc8
5476,6BE2r9N_C5c
5477,VqBv3DDWJt8
5478,bw_OJcxg9Eo
5479,jWeDbcgtJ8U
5480,IYPvmNViNAI
5481,uPjktpKEYok
5482,POmN-oR7eT8
5483,y5HmO0vZFqo
5484,FDuVHpnSjeQ
5485,ZzoYPkX_hmU
5486,TeVxGGf009I
5487,TJX7Wkm7vg0
5488,vXzl1VapBEw
5489,bQmEUZ7vgf4
5490,dUJXvwBW7gY
5491,Xx9jSvPGZt0
5492,tD9Jr7GP67c
5493,wDa-qAy1fBw
5494,Bp0tGnQgeZw
5495,lkOnPQW9JEg
5496,CVEwbnL_Q5Y
5497,zPpW4LlQZ0E
5498,CIzh7IdfiVA
5499,EOVq0uddZnQ
5500,cjZwAIotEpw
5501,05e_FD2laHo
5502,_VyJ9S0VMX4
5503,bk5WiqF0AVM
5504,38qsLCVFCE8
5505,b6ZOsUtju_Q
5506,qrwpxSwWbaE
5507,HgKLtZf8-8E
5508,fmMU9lQL4RA
5509,x1HndDtWD84
5510,lWAFNZpmUzY
5511,LmjU6xMu19E
5512,BIetgqN2CRY
5513,_cTzqwl_BOk
5514,IPNJWhaoaY4
5515,HSJYIc_ZkaE
5516,RbzKKL0K-Wc
5517,2BNGHF2Cllw
5518,d5aayQz0sEw
5519,b0x1BbGwtVo
5520,cHXuDfb8vXM
5521,Fr9eg3fcxfo
5522,QkX0znEmanc
5523,ZcgPzB_RQ9s
5524,KDH67hX1Fqc
5525,n6QGe8B27Y4
5526,WdO-UTmDJrE
